ProgramYear,CEID,CEName,CECounty,TypeOfAgency,TypeOfSNPOrg,SiteName,ClaimDate,EnrollmentQty,FreeEligibleQty,ReducedEligibleQty,PaidEligibleQty,TotalReimbursement
2015-2016,1068,AUSTIN ISD,TRAVIS,Educational Institution,Public,AKINS H S,06/01/2016 12:00:00 AM,2673.0,1498.0,332.0,842.0,687826.59
2015-2016,1068,AUSTIN ISD,TRAVIS,Educational Institution,Public,ALLISON ELEMENTARY,06/01/2016 12:00:00 AM,529.0,470.0,32.0,26.0,312450.55000000005
2015-2016,1068,AUSTIN ISD,TRAVIS,Educational Institution,Public,ALTERNATIVE LEARNING CTR AUSTIN,06/01/2016 12:00:00 AM,155.0,124.0,6.0,25.0,79520.88
2015-2016,1068,AUSTIN ISD,TRAVIS,Educational Institution,Public,ANDERSON H S,06/01/2016 12:00:00 AM,2259.0,472.0,95.0,1692.0,200577.49
2015-2016,1068,AUSTIN ISD,TRAVIS,Educational Institution,Public,ANDREWS ELEMENTARY AUSTIN,06/01/2016 12:00:00 AM,588.0,545.0,17.0,26.0,387794.56000000006
2015-2016,1068,AUSTIN ISD,TRAVIS,Educational Institution,Public,ANN RICHARDS SCHOOL FOR YOUNG WOMEN LEADERS,06/01/2016 12:00:00 AM,784.0,373.0,88.0,323.0,208084.54
2015-2016,1068,AUSTIN ISD,TRAVIS,Educational Institution,Public,AUSTIN HIGH SCHOOL,06/01/2016 12:00:00 AM,2061.0,513.0,123.0,1425.0,204362.95
2015-2016,1068,AUSTIN ISD,TRAVIS,Educational Institution,Public,BAILEY MIDDLE SCHOOL AUSTIN,06/01/2016 12:00:00 AM,880.0,196.0,61.0,622.0,111990.32
2015-2016,1068,AUSTIN ISD,TRAVIS,Educational Institution,Public,BALDWIN ELEMENTARY SCHOOL AUSTIN,06/01/2016 12:00:00 AM,791.0,94.0,17.0,681.0,66625.89
2015-2016,1068,AUSTIN ISD,TRAVIS,Educational Institution,Public,BARANOFF ELEMENTARY,06/01/2016 12:00:00 AM,991.0,95.0,33.0,863.0,69091.97000000003
2015-2016,1068,AUSTIN ISD,TRAVIS,Educational Institution,Public,BARRINGTON ELEMENTARY AUSTIN,06/01/2016 12:00:00 AM,638.0,578.0,26.0,34.0,408612.71
2015-2016,1068,AUSTIN ISD,TRAVIS,Educational Institution,Public,BARTON HILLS ELEMENTARY,06/01/2016 12:00:00 AM,410.0,30.0,3.0,377.0,25483.39
2015-2016,1068,AUSTIN ISD,TRAVIS,Educational Institution,Public,BECKER ELEMENTARY,06/01/2016 12:00:00 AM,392.0,173.0,5.0,214.0,105651.82
2015-2016,1068,AUSTIN ISD,TRAVIS,Educational Institution,Public,BEDICHEK MIDDLE,06/01/2016 12:00:00 AM,912.0,653.0,104.0,156.0,330883.79
2015-2016,1068,AUSTIN ISD,TRAVIS,Educational Institution,Public,BLACKSHEAR ELEMENTARY AUSTIN,06/01/2016 12:00:00 AM,301.0,228.0,20.0,54.0,154819.93
2015-2016,1068,AUSTIN ISD,TRAVIS,Educational Institution,Public,BLANTON ELEMENTARY AUSTIN,06/01/2016 12:00:00 AM,491.0,381.0,22.0,88.0,249804.77
2015-2016,1068,AUSTIN ISD,TRAVIS,Educational Institution,Public,BLAZIER ELEMENTARY SCHOOL,06/01/2016 12:00:00 AM,860.0,539.0,108.0,213.0,384523.57
2015-2016,1068,AUSTIN ISD,TRAVIS,Educational Institution,Public,BOONE ELEMENTARY AUSTIN,06/01/2016 12:00:00 AM,574.0,240.0,41.0,293.0,172552.61
2015-2016,1068,AUSTIN ISD,TRAVIS,Educational Institution,Public,BOWIE HIGH SCHOOL AUSTIN,06/01/2016 12:00:00 AM,2902.0,295.0,104.0,2503.0,127119.5
2015-2016,1068,AUSTIN ISD,TRAVIS,Educational Institution,Public,BRENTWOOD ELEMENTARY,06/01/2016 12:00:00 AM,619.0,142.0,27.0,449.0,85060.72000000003
2015-2016,1068,AUSTIN ISD,TRAVIS,Educational Institution,Public,BROOKE ELEMENTARY,06/01/2016 12:00:00 AM,262.0,228.0,19.0,15.0,157767.65000000002
2015-2016,1068,AUSTIN ISD,TRAVIS,Educational Institution,Public,BRYKER WOODS ELEMENTARY,06/01/2016 12:00:00 AM,401.0,33.0,7.0,362.0,23665.61
2015-2016,1068,AUSTIN ISD,TRAVIS,Educational Institution,Public,BURNET MIDDLE,06/01/2016 12:00:00 AM,1054.0,933.0,53.0,68.0,537040.48
2015-2016,1068,AUSTIN ISD,TRAVIS,Educational Institution,Public,CAMPBELL ELEMENTARY AUSTIN,06/01/2016 12:00:00 AM,217.0,190.0,12.0,15.0,139836.03999999998
2015-2016,1068,AUSTIN ISD,TRAVIS,Educational Institution,Public,CASEY ELEMENTARY,06/01/2016 12:00:00 AM,615.0,338.0,63.0,215.0,249767.20000000004
2015-2016,1068,AUSTIN ISD,TRAVIS,Educational Institution,Public,CASIS ELEMENTARY,06/01/2016 12:00:00 AM,799.0,19.0,5.0,774.0,14478.26
2015-2016,1068,AUSTIN ISD,TRAVIS,Educational Institution,Public,CLAYTON ELEMENTARY,06/01/2016 12:00:00 AM,877.0,13.0,2.0,862.0,24706.95
2015-2016,1068,AUSTIN ISD,TRAVIS,Educational Institution,Public,COOK ELEMENTARY AUSTIN,06/01/2016 12:00:00 AM,552.0,507.0,28.0,18.0,334320.95
2015-2016,1068,AUSTIN ISD,TRAVIS,Educational Institution,Public,COVINGTON MIDDLE,06/01/2016 12:00:00 AM,645.0,350.0,61.0,234.0,219698.1
2015-2016,1068,AUSTIN ISD,TRAVIS,Educational Institution,Public,COWAN ELEMENTARY,06/01/2016 12:00:00 AM,801.0,208.0,53.0,540.0,125747.77
2015-2016,1068,AUSTIN ISD,TRAVIS,Educational Institution,Public,CROCKETT H S,06/01/2016 12:00:00 AM,1446.0,770.0,157.0,519.0,284225.43
2015-2016,1068,AUSTIN ISD,TRAVIS,Educational Institution,Public,CUNNINGHAM ELEMENTARY,06/01/2016 12:00:00 AM,414.0,239.0,31.0,144.0,158626.47000000006
2015-2016,1068,AUSTIN ISD,TRAVIS,Educational Institution,Public,DAVIS ELEMENTARY AUSTIN,06/01/2016 12:00:00 AM,798.0,200.0,40.0,558.0,113706.22000000002
2015-2016,1068,AUSTIN ISD,TRAVIS,Educational Institution,Public,DAWSON ELEMENTARY,06/01/2016 12:00:00 AM,374.0,287.0,25.0,62.0,197357.0
2015-2016,1068,AUSTIN ISD,TRAVIS,Educational Institution,Public,DILL SPECIAL PROG,06/01/2016 12:00:00 AM,14.0,11.0,1.0,2.0,7545.45
2015-2016,1068,AUSTIN ISD,TRAVIS,Educational Institution,Public,DOBIE MIDDLE,06/01/2016 12:00:00 AM,666.0,585.0,35.0,47.0,351972.8300000001
2015-2016,1068,AUSTIN ISD,TRAVIS,Educational Institution,Public,DOBIE PK CENTER,06/01/2016 12:00:00 AM,263.0,263.0,0.0,0.0,176856.38999999996
2015-2016,1068,AUSTIN ISD,TRAVIS,Educational Institution,Public,DOSS ELEMENTARY,06/01/2016 12:00:00 AM,885.0,126.0,25.0,735.0,90084.73
2015-2016,1068,AUSTIN ISD,TRAVIS,Educational Institution,Public,EASTSIDE MEMORIAL AT THE JOHNSTON CAMPUS,06/01/2016 12:00:00 AM,549.0,449.0,40.0,61.0,194483.86
2015-2016,1068,AUSTIN ISD,TRAVIS,Educational Institution,Public,FULMORE MIDDLE,06/01/2016 12:00:00 AM,1010.0,641.0,65.0,304.0,343358.82
2015-2016,1068,AUSTIN ISD,TRAVIS,Educational Institution,Public,GALINDO ELEMENTARY,06/01/2016 12:00:00 AM,590.0,521.0,28.0,40.0,350016.4499999999
2015-2016,1068,AUSTIN ISD,TRAVIS,Educational Institution,Public,GARZA INDEPENDENCE H S,06/01/2016 12:00:00 AM,186.0,52.0,9.0,126.0,13014.22
2015-2016,1068,AUSTIN ISD,TRAVIS,Educational Institution,Public,GORZYCKI MIDDLE SCHOOL,06/01/2016 12:00:00 AM,1348.0,54.0,19.0,1275.0,39341.42
2015-2016,1068,AUSTIN ISD,TRAVIS,Educational Institution,Public,GOVALLE ELEMENTARY,06/01/2016 12:00:00 AM,503.0,431.0,29.0,43.0,294707.5000000001
2015-2016,1068,AUSTIN ISD,TRAVIS,Educational Institution,Public,GRAHAM ELEMENTARY,06/01/2016 12:00:00 AM,710.0,549.0,71.0,90.0,361419.83
2015-2016,1068,AUSTIN ISD,TRAVIS,Educational Institution,Public,GUERRERO THOMPSON,06/01/2016 12:00:00 AM,690.0,643.0,21.0,26.0,433269.16
2015-2016,1068,AUSTIN ISD,TRAVIS,Educational Institution,Public,GULLETT ELEMENTARY,06/01/2016 12:00:00 AM,575.0,33.0,8.0,534.0,22337.24
2015-2016,1068,AUSTIN ISD,TRAVIS,Educational Institution,Public,HARRIS ELEMENTARY AUSTIN,06/01/2016 12:00:00 AM,633.0,588.0,22.0,23.0,389728.79
2015-2016,1068,AUSTIN ISD,TRAVIS,Educational Institution,Public,HART ELEMENTARY AUSTIN,06/01/2016 12:00:00 AM,707.0,651.0,33.0,24.0,437697.8
2015-2016,1068,AUSTIN ISD,TRAVIS,Educational Institution,Public,HIGHLAND PARK ELEMENTARY AUSTIN,06/01/2016 12:00:00 AM,699.0,143.0,45.0,511.0,228640.15
2015-2016,1068,AUSTIN ISD,TRAVIS,Educational Institution,Public,HILL ELEMENTARY AUSTIN,06/01/2016 12:00:00 AM,975.0,85.0,17.0,873.0,53846.88
2015-2016,1068,AUSTIN ISD,TRAVIS,Educational Institution,Public,HOUSTON ELEMENTARY AUSTIN,06/01/2016 12:00:00 AM,717.0,628.0,52.0,37.0,400582.85
2015-2016,1068,AUSTIN ISD,TRAVIS,Educational Institution,Public,INTERNATIONAL HIGH SCHOOL,06/01/2016 12:00:00 AM,316.0,284.0,20.0,12.0,163446.67999999993
2015-2016,1068,AUSTIN ISD,TRAVIS,Educational Institution,Public,JORDAN ELEMENTARY AUSTIN,06/01/2016 12:00:00 AM,681.0,618.0,36.0,27.0,401729.48999999993
2015-2016,1068,AUSTIN ISD,TRAVIS,Educational Institution,Public,JOSLIN ELEMENTARY,06/01/2016 12:00:00 AM,273.0,187.0,22.0,64.0,140329.48
2015-2016,1068,AUSTIN ISD,TRAVIS,Educational Institution,Public,KEALING M S,06/01/2016 12:00:00 AM,1201.0,333.0,37.0,831.0,178703.38999999996
2015-2016,1068,AUSTIN ISD,TRAVIS,Educational Institution,Public,KIKER ELEMENTARY,06/01/2016 12:00:00 AM,1003.0,47.0,4.0,953.0,36760.150000000016
2015-2016,1068,AUSTIN ISD,TRAVIS,Educational Institution,Public,KOCUREK ELEMENTARY,06/01/2016 12:00:00 AM,498.0,286.0,45.0,166.0,182517.6
2015-2016,1068,AUSTIN ISD,TRAVIS,Educational Institution,Public,LAMAR MIDDLE,06/01/2016 12:00:00 AM,969.0,249.0,51.0,670.0,118198.69
2015-2016,1068,AUSTIN ISD,TRAVIS,Educational Institution,Public,LANGFORD ELEMENTARY,06/01/2016 12:00:00 AM,693.0,623.0,36.0,34.0,457776.29
2015-2016,1068,AUSTIN ISD,TRAVIS,Educational Institution,Public,LANIER HIGH SCHOOL AUSTIN,06/01/2016 12:00:00 AM,1624.0,1359.0,96.0,169.0,530868.23
2015-2016,1068,AUSTIN ISD,TRAVIS,Educational Institution,Public,LASA HIGH SCHOOL,06/01/2016 12:00:00 AM,1016.0,65.0,29.0,922.0,37311.94
2015-2016,1068,AUSTIN ISD,TRAVIS,Educational Institution,Public,LBJ HIGH SCHOOL,06/01/2016 12:00:00 AM,845.0,635.0,51.0,158.0,270264.05
2015-2016,1068,AUSTIN ISD,TRAVIS,Educational Institution,Public,LEE ELEMENTARY AUSTIN,06/01/2016 12:00:00 AM,377.0,47.0,11.0,319.0,34828.490000000005
2015-2016,1068,AUSTIN ISD,TRAVIS,Educational Institution,Public,LINDER ELEMENTARY,06/01/2016 12:00:00 AM,366.0,309.0,27.0,31.0,217086.02
2015-2016,1068,AUSTIN ISD,TRAVIS,Educational Institution,Public,MAPLEWOOD ELEMENTARY AUSTIN,06/01/2016 12:00:00 AM,457.0,178.0,23.0,256.0,122263.82
2015-2016,1068,AUSTIN ISD,TRAVIS,Educational Institution,Public,MARTIN MIDDLE SCHOOL AUSTIN,06/01/2016 12:00:00 AM,472.0,417.0,26.0,30.0,259792.12
2015-2016,1068,AUSTIN ISD,TRAVIS,Educational Institution,Public,MATHEWS ELEMENTARY AUSTIN,06/01/2016 12:00:00 AM,426.0,145.0,21.0,260.0,90641.58
2015-2016,1068,AUSTIN ISD,TRAVIS,Educational Institution,Public,MCBEE ELEMENTARY SCHOOL AUSTIN,06/01/2016 12:00:00 AM,489.0,438.0,28.0,23.0,317835.97
2015-2016,1068,AUSTIN ISD,TRAVIS,Educational Institution,Public,MCCALLUM H S,06/01/2016 12:00:00 AM,1722.0,446.0,79.0,1196.0,139459.13999999998
2015-2016,1068,AUSTIN ISD,TRAVIS,Educational Institution,Public,MENCHACA ELEMENTARY AUSTIN,06/01/2016 12:00:00 AM,736.0,320.0,46.0,371.0,198248.96
2015-2016,1068,AUSTIN ISD,TRAVIS,Educational Institution,Public,MENDEZ MIDDLE,06/01/2016 12:00:00 AM,801.0,702.0,55.0,45.0,434277.19
2015-2016,1068,AUSTIN ISD,TRAVIS,Educational Institution,Public,METZ ELEMENTARY,06/01/2016 12:00:00 AM,323.0,260.0,20.0,43.0,177691.36
2015-2016,1068,AUSTIN ISD,TRAVIS,Educational Institution,Public,MILLS ELEMENTARY SCHOOL AUSTIN,06/01/2016 12:00:00 AM,823.0,62.0,16.0,745.0,39491.93
2015-2016,1068,AUSTIN ISD,TRAVIS,Educational Institution,Public,MURCHISON MIDDLE,06/01/2016 12:00:00 AM,1365.0,307.0,60.0,998.0,153771.41999999995
2015-2016,1068,AUSTIN ISD,TRAVIS,Educational Institution,Public,NORMAN-SIMS ELEMENTARYEMENTARY,06/01/2016 12:00:00 AM,322.0,290.0,21.0,11.0,208060.48
2015-2016,1068,AUSTIN ISD,TRAVIS,Educational Institution,Public,O HENRY MIDDLE,06/01/2016 12:00:00 AM,931.0,190.0,43.0,698.0,95949.29
2015-2016,1068,AUSTIN ISD,TRAVIS,Educational Institution,Public,OAK HILL ELEMENTARY AUSTINEMENTARY AUSTIN,06/01/2016 12:00:00 AM,846.0,313.0,35.0,498.0,212012.9
2015-2016,1068,AUSTIN ISD,TRAVIS,Educational Institution,Public,OAK SPRINGS ELEMENTARY,06/01/2016 12:00:00 AM,329.0,312.0,5.0,12.0,229194.56000000003
2015-2016,1068,AUSTIN ISD,TRAVIS,Educational Institution,Public,ODOM ELEMENTARY,06/01/2016 12:00:00 AM,546.0,461.0,39.0,47.0,320965.38
2015-2016,1068,AUSTIN ISD,TRAVIS,Educational Institution,Public,ORTEGA ELEMENTARY,06/01/2016 12:00:00 AM,308.0,245.0,34.0,29.0,175993.1
2015-2016,1068,AUSTIN ISD,TRAVIS,Educational Institution,Public,OVERTON ELEMENTARY,06/01/2016 12:00:00 AM,705.0,636.0,31.0,38.0,404616.07000000007
2015-2016,1068,AUSTIN ISD,TRAVIS,Educational Institution,Public,PADRON ELEMENTARY,06/01/2016 12:00:00 AM,767.0,725.0,24.0,19.0,491643.63
2015-2016,1068,AUSTIN ISD,TRAVIS,Educational Institution,Public,PALM ELEMENTARY,06/01/2016 12:00:00 AM,483.0,350.0,52.0,81.0,255932.66
2015-2016,1068,AUSTIN ISD,TRAVIS,Educational Institution,Public,PAREDES MIDDLE SCHOOL,06/01/2016 12:00:00 AM,1008.0,603.0,135.0,270.0,351456.08
2015-2016,1068,AUSTIN ISD,TRAVIS,Educational Institution,Public,PATTON ELEMENTARY,06/01/2016 12:00:00 AM,968.0,206.0,42.0,720.0,110041.5
2015-2016,1068,AUSTIN ISD,TRAVIS,Educational Institution,Public,PEASE ELEMENTARY,06/01/2016 12:00:00 AM,268.0,35.0,12.0,221.0,25769.51
2015-2016,1068,AUSTIN ISD,TRAVIS,Educational Institution,Public,PECAN SPRINGS ELEMENTARY,06/01/2016 12:00:00 AM,478.0,442.0,14.0,22.0,307852.44999999995
2015-2016,1068,AUSTIN ISD,TRAVIS,Educational Institution,Public,PEREZ ELEMENTARY,06/01/2016 12:00:00 AM,766.0,631.0,67.0,68.0,444505.18
2015-2016,1068,AUSTIN ISD,TRAVIS,Educational Institution,Public,PICKLE ELEMENTARY,06/01/2016 12:00:00 AM,694.0,649.0,26.0,19.0,409275.2400000001
2015-2016,1068,AUSTIN ISD,TRAVIS,Educational Institution,Public,PILLOW ELEMENTARY,06/01/2016 12:00:00 AM,537.0,349.0,62.0,126.0,228132.06
2015-2016,1068,AUSTIN ISD,TRAVIS,Educational Institution,Public,PLEASANT HILL ELEMENTARY AUSTINEMENTARY AUSTIN,06/01/2016 12:00:00 AM,563.0,458.0,39.0,66.0,310940.29
2015-2016,1068,AUSTIN ISD,TRAVIS,Educational Institution,Public,PREMIER H S AT LANIER,06/01/2016 12:00:00 AM,124.0,95.0,3.0,26.0,18052.1
2015-2016,1068,AUSTIN ISD,TRAVIS,Educational Institution,Public,PREMIER H S AT TRAVIS,06/01/2016 12:00:00 AM,130.0,94.0,5.0,31.0,19080.5
2015-2016,1068,AUSTIN ISD,TRAVIS,Educational Institution,Public,READ PRE-K DEMONSTRATION SCH,06/01/2016 12:00:00 AM,308.0,308.0,0.0,0.0,237025.24
2015-2016,1068,AUSTIN ISD,TRAVIS,Educational Institution,Public,REAGAN HIGH SCHOOL AUSTIN,06/01/2016 12:00:00 AM,1265.0,1016.0,66.0,183.0,353797.9599999999
2015-2016,1068,AUSTIN ISD,TRAVIS,Educational Institution,Public,REILLY ELEMENTARY AUSTIN,06/01/2016 12:00:00 AM,272.0,228.0,16.0,28.0,156168.87
2015-2016,1068,AUSTIN ISD,TRAVIS,Educational Institution,Public,RIDGETOP ELEMENTARY,06/01/2016 12:00:00 AM,294.0,111.0,13.0,170.0,85555.2
2015-2016,1068,AUSTIN ISD,TRAVIS,Educational Institution,Public,RODRIGUEZ ELEMENTARY,06/01/2016 12:00:00 AM,709.0,643.0,33.0,33.0,543369.1799999999
2015-2016,1068,AUSTIN ISD,TRAVIS,Educational Institution,Public,ROSEDALE SCHOOL,06/01/2016 12:00:00 AM,263.0,62.0,6.0,195.0,21162.11
2015-2016,1068,AUSTIN ISD,TRAVIS,Educational Institution,Public,SANCHEZ ELEMENTARY,06/01/2016 12:00:00 AM,403.0,360.0,23.0,20.0,254739.94
2015-2016,1068,AUSTIN ISD,TRAVIS,Educational Institution,Public,SCHOOL FOR YOUNG MEN AUSTIN,06/01/2016 12:00:00 AM,432.0,379.0,27.0,25.0,289408.0
2015-2016,1068,AUSTIN ISD,TRAVIS,Educational Institution,Public,SCHOOL FOR YOUNG WOMEN,06/01/2016 12:00:00 AM,375.0,318.0,26.0,31.0,202082.82
2015-2016,1068,AUSTIN ISD,TRAVIS,Educational Institution,Public,SIMS ELEMENTARY,06/01/2016 12:00:00 AM,261.0,228.0,12.0,20.0,158535.36000000002
2015-2016,1068,AUSTIN ISD,TRAVIS,Educational Institution,Public,SMALL MS,06/01/2016 12:00:00 AM,1004.0,259.0,62.0,684.0,143395.05000000002
2015-2016,1068,AUSTIN ISD,TRAVIS,Educational Institution,Public,ST ELMO ELEMENTARY,06/01/2016 12:00:00 AM,300.0,235.0,24.0,41.0,162305.79
2015-2016,1068,AUSTIN ISD,TRAVIS,Educational Institution,Public,SUMMITT ELEMENTARY,06/01/2016 12:00:00 AM,838.0,261.0,61.0,517.0,171030.87999999998
2015-2016,1068,AUSTIN ISD,TRAVIS,Educational Institution,Public,SUNSET VALLEY ELEMENTARY AUSTIN,06/01/2016 12:00:00 AM,536.0,314.0,19.0,203.0,229578.74
2015-2016,1068,AUSTIN ISD,TRAVIS,Educational Institution,Public,T A BROWN ELEMENTARY,06/01/2016 12:00:00 AM,366.0,331.0,16.0,18.0,236090.33
2015-2016,1068,AUSTIN ISD,TRAVIS,Educational Institution,Public,TRAVIS EARLY COLLEGE HIGH SCHOOL AUSTIN,06/01/2016 12:00:00 AM,1272.0,991.0,93.0,188.0,464745.0900000001
2015-2016,1068,AUSTIN ISD,TRAVIS,Educational Institution,Public,TRAVIS HTS CHARTER,06/01/2016 12:00:00 AM,537.0,354.0,12.0,171.0,222214.43
2015-2016,1068,AUSTIN ISD,TRAVIS,Educational Institution,Public,UPHAUS EARLY CHILDHOOD CENTER,06/01/2016 12:00:00 AM,280.0,256.0,11.0,14.0,180750.01
2015-2016,1068,AUSTIN ISD,TRAVIS,Educational Institution,Public,WALNUT CREEK ELEMENTARY AUSTIN,06/01/2016 12:00:00 AM,655.0,572.0,25.0,57.0,347341.13
2015-2016,1068,AUSTIN ISD,TRAVIS,Educational Institution,Public,WEBB MIDDLE SCHOOL AUSTIN,06/01/2016 12:00:00 AM,720.0,664.0,26.0,30.0,355904.65
2015-2016,1068,AUSTIN ISD,TRAVIS,Educational Institution,Public,WEBB PRIMARY CENTER,06/01/2016 12:00:00 AM,224.0,210.0,8.0,6.0,175872.77999999994
2015-2016,1068,AUSTIN ISD,TRAVIS,Educational Institution,Public,WIDEN ELEMENTARY,06/01/2016 12:00:00 AM,575.0,500.0,41.0,34.0,384446.36
2015-2016,1068,AUSTIN ISD,TRAVIS,Educational Institution,Public,WILLIAMS ELEMENTARY AUSTIN,06/01/2016 12:00:00 AM,461.0,328.0,50.0,83.0,233202.37
2015-2016,1068,AUSTIN ISD,TRAVIS,Educational Institution,Public,WINN ELEMENTARY,06/01/2016 12:00:00 AM,305.0,275.0,14.0,15.0,192906.53
2015-2016,1068,AUSTIN ISD,TRAVIS,Educational Institution,Public,WOOLDRIDGE ELEMENTARY,06/01/2016 12:00:00 AM,639.0,583.0,29.0,27.0,431204.89
2015-2016,1068,AUSTIN ISD,TRAVIS,Educational Institution,Public,WOOTEN ELEMENTARY,06/01/2016 12:00:00 AM,616.0,562.0,19.0,35.0,365637.49
2015-2016,1068,AUSTIN ISD,TRAVIS,Educational Institution,Public,ZAVALA ELEMENTARY AUSTIN,06/01/2016 12:00:00 AM,379.0,352.0,12.0,15.0,242597.77
2015-2016,1068,AUSTIN ISD,TRAVIS,Educational Institution,Public,ZILKER ELEMENTARY AUSTIN,06/01/2016 12:00:00 AM,549.0,105.0,23.0,421.0,63445.73
2016-2017,1068,AUSTIN ISD,TRAVIS,Educational Institution,Public,AKINS H S,06/01/2017 12:00:00 AM,2640.0,1414.0,290.0,936.0,828531.0399999998
2016-2017,1068,AUSTIN ISD,TRAVIS,Educational Institution,Public,ALLISON ELEMENTARY,06/01/2017 12:00:00 AM,459.0,409.0,18.0,32.0,268526.03
2016-2017,1068,AUSTIN ISD,TRAVIS,Educational Institution,Public,ALTERNATIVE LEARNING CTR AUSTIN,06/01/2017 12:00:00 AM,145.0,111.0,6.0,28.0,84981.0
2016-2017,1068,AUSTIN ISD,TRAVIS,Educational Institution,Public,ANDERSON H S,06/01/2017 12:00:00 AM,2200.0,445.0,87.0,1668.0,193494.49
2016-2017,1068,AUSTIN ISD,TRAVIS,Educational Institution,Public,ANDREWS ELEMENTARY AUSTIN,06/01/2017 12:00:00 AM,574.0,527.0,23.0,24.0,446195.87000000005
2016-2017,1068,AUSTIN ISD,TRAVIS,Educational Institution,Public,ANN RICHARDS SCHOOL FOR YOUNG WOMEN LEADERS,06/01/2017 12:00:00 AM,781.0,356.0,91.0,334.0,207208.84999999995
2016-2017,1068,AUSTIN ISD,TRAVIS,Educational Institution,Public,AUSTIN HIGH SCHOOL,06/01/2017 12:00:00 AM,2139.0,508.0,122.0,1510.0,197125.4
2016-2017,1068,AUSTIN ISD,TRAVIS,Educational Institution,Public,BAILEY MIDDLE SCHOOL AUSTIN,06/01/2017 12:00:00 AM,911.0,228.0,65.0,618.0,121894.61000000002
2016-2017,1068,AUSTIN ISD,TRAVIS,Educational Institution,Public,BALDWIN ELEMENTARY SCHOOL AUSTIN,06/01/2017 12:00:00 AM,798.0,106.0,15.0,677.0,67344.06000000001
2016-2017,1068,AUSTIN ISD,TRAVIS,Educational Institution,Public,BARANOFF ELEMENTARY,06/01/2017 12:00:00 AM,1022.0,93.0,34.0,894.0,66620.98
2016-2017,1068,AUSTIN ISD,TRAVIS,Educational Institution,Public,BARRINGTON ELEMENTARY AUSTIN,06/01/2017 12:00:00 AM,549.0,497.0,28.0,24.0,395714.67999999993
2016-2017,1068,AUSTIN ISD,TRAVIS,Educational Institution,Public,BARTON HILLS ELEMENTARY,06/01/2017 12:00:00 AM,428.0,25.0,2.0,400.0,24352.92
2016-2017,1068,AUSTIN ISD,TRAVIS,Educational Institution,Public,BECKER ELEMENTARY,06/01/2017 12:00:00 AM,428.0,161.0,8.0,258.0,103595.25
2016-2017,1068,AUSTIN ISD,TRAVIS,Educational Institution,Public,BEDICHEK MIDDLE,06/01/2017 12:00:00 AM,891.0,659.0,83.0,149.0,332642.89
2016-2017,1068,AUSTIN ISD,TRAVIS,Educational Institution,Public,BLACKSHEAR ELEMENTARY AUSTIN,06/01/2017 12:00:00 AM,381.0,261.0,18.0,102.0,172521.19
2016-2017,1068,AUSTIN ISD,TRAVIS,Educational Institution,Public,BLANTON ELEMENTARY AUSTIN,06/01/2017 12:00:00 AM,494.0,358.0,28.0,108.0,230292.07
2016-2017,1068,AUSTIN ISD,TRAVIS,Educational Institution,Public,BLAZIER ELEMENTARY SCHOOL,06/01/2017 12:00:00 AM,829.0,502.0,96.0,232.0,354001.17
2016-2017,1068,AUSTIN ISD,TRAVIS,Educational Institution,Public,BOONE ELEMENTARY AUSTIN,06/01/2017 12:00:00 AM,571.0,252.0,39.0,281.0,181684.97000000003
2016-2017,1068,AUSTIN ISD,TRAVIS,Educational Institution,Public,BOWIE HIGH SCHOOL AUSTIN,06/01/2017 12:00:00 AM,2878.0,290.0,77.0,2511.0,117057.5
2016-2017,1068,AUSTIN ISD,TRAVIS,Educational Institution,Public,BRENTWOOD ELEMENTARY,06/01/2017 12:00:00 AM,654.0,144.0,18.0,492.0,88075.24
2016-2017,1068,AUSTIN ISD,TRAVIS,Educational Institution,Public,BROOKE ELEMENTARY,06/01/2017 12:00:00 AM,273.0,237.0,23.0,13.0,183513.94
2016-2017,1068,AUSTIN ISD,TRAVIS,Educational Institution,Public,BRYKER WOODS ELEMENTARY,06/01/2017 12:00:00 AM,447.0,38.0,7.0,401.0,25021.55
2016-2017,1068,AUSTIN ISD,TRAVIS,Educational Institution,Public,BURNET MIDDLE,06/01/2017 12:00:00 AM,963.0,839.0,51.0,73.0,487314.07
2016-2017,1068,AUSTIN ISD,TRAVIS,Educational Institution,Public,CAMPBELL ELEMENTARY AUSTIN,06/01/2017 12:00:00 AM,193.0,167.0,8.0,19.0,126974.68
2016-2017,1068,AUSTIN ISD,TRAVIS,Educational Institution,Public,CASEY ELEMENTARY,06/01/2017 12:00:00 AM,636.0,344.0,66.0,226.0,282626.92
2016-2017,1068,AUSTIN ISD,TRAVIS,Educational Institution,Public,CASIS ELEMENTARY,06/01/2017 12:00:00 AM,825.0,27.0,3.0,794.0,15403.94
2016-2017,1068,AUSTIN ISD,TRAVIS,Educational Institution,Public,CLAYTON ELEMENTARY,06/01/2017 12:00:00 AM,854.0,14.0,0.0,840.0,21181.28
2016-2017,1068,AUSTIN ISD,TRAVIS,Educational Institution,Public,COOK ELEMENTARY AUSTIN,06/01/2017 12:00:00 AM,529.0,477.0,27.0,25.0,309411.65
2016-2017,1068,AUSTIN ISD,TRAVIS,Educational Institution,Public,COVINGTON MIDDLE,06/01/2017 12:00:00 AM,619.0,327.0,62.0,230.0,204753.81
2016-2017,1068,AUSTIN ISD,TRAVIS,Educational Institution,Public,COWAN ELEMENTARY,06/01/2017 12:00:00 AM,839.0,234.0,39.0,566.0,140786.85
2016-2017,1068,AUSTIN ISD,TRAVIS,Educational Institution,Public,CROCKETT H S,06/01/2017 12:00:00 AM,1489.0,850.0,123.0,516.0,279037.69
2016-2017,1068,AUSTIN ISD,TRAVIS,Educational Institution,Public,CUNNINGHAM ELEMENTARY,06/01/2017 12:00:00 AM,417.0,241.0,29.0,147.0,159079.55000000002
2016-2017,1068,AUSTIN ISD,TRAVIS,Educational Institution,Public,DAVIS ELEMENTARY AUSTIN,06/01/2017 12:00:00 AM,820.0,207.0,26.0,587.0,104326.47
2016-2017,1068,AUSTIN ISD,TRAVIS,Educational Institution,Public,DAWSON ELEMENTARY,06/01/2017 12:00:00 AM,351.0,263.0,26.0,61.0,225091.17
2016-2017,1068,AUSTIN ISD,TRAVIS,Educational Institution,Public,DILL SPECIAL PROG,06/01/2017 12:00:00 AM,12.0,9.0,1.0,2.0,6086.959999999999
2016-2017,1068,AUSTIN ISD,TRAVIS,Educational Institution,Public,DOBIE MIDDLE,06/01/2017 12:00:00 AM,610.0,537.0,33.0,41.0,313184.06999999995
2016-2017,1068,AUSTIN ISD,TRAVIS,Educational Institution,Public,DOBIE PK CENTER,06/01/2017 12:00:00 AM,208.0,208.0,0.0,0.0,160035.0
2016-2017,1068,AUSTIN ISD,TRAVIS,Educational Institution,Public,DOSS ELEMENTARY,06/01/2017 12:00:00 AM,880.0,104.0,27.0,749.0,77588.20999999999
2016-2017,1068,AUSTIN ISD,TRAVIS,Educational Institution,Public,EASTSIDE MEMORIAL AT THE JOHNSTON CAMPUS,06/01/2017 12:00:00 AM,545.0,431.0,44.0,69.0,191602.79
2016-2017,1068,AUSTIN ISD,TRAVIS,Educational Institution,Public,FULMORE MIDDLE,06/01/2017 12:00:00 AM,1027.0,605.0,65.0,357.0,330647.91
2016-2017,1068,AUSTIN ISD,TRAVIS,Educational Institution,Public,GALINDO ELEMENTARY,06/01/2017 12:00:00 AM,598.0,524.0,24.0,50.0,348230.23
2016-2017,1068,AUSTIN ISD,TRAVIS,Educational Institution,Public,GARZA INDEPENDENCE H S,06/01/2017 12:00:00 AM,201.0,64.0,7.0,130.0,16306.2
2016-2017,1068,AUSTIN ISD,TRAVIS,Educational Institution,Public,GORZYCKI MIDDLE SCHOOL,06/01/2017 12:00:00 AM,1289.0,45.0,16.0,1228.0,33644.89
2016-2017,1068,AUSTIN ISD,TRAVIS,Educational Institution,Public,GOVALLE ELEMENTARY,06/01/2017 12:00:00 AM,469.0,411.0,17.0,41.0,299363.11999999994
2016-2017,1068,AUSTIN ISD,TRAVIS,Educational Institution,Public,GRAHAM ELEMENTARY,06/01/2017 12:00:00 AM,699.0,520.0,73.0,106.0,344722.34
2016-2017,1068,AUSTIN ISD,TRAVIS,Educational Institution,Public,GUERRERO THOMPSON,06/01/2017 12:00:00 AM,663.0,606.0,30.0,27.0,503154.17
2016-2017,1068,AUSTIN ISD,TRAVIS,Educational Institution,Public,GULLETT ELEMENTARY,06/01/2017 12:00:00 AM,556.0,46.0,9.0,501.0,26956.93
2016-2017,1068,AUSTIN ISD,TRAVIS,Educational Institution,Public,HARRIS ELEMENTARY AUSTIN,06/01/2017 12:00:00 AM,633.0,590.0,19.0,24.0,443056.92
2016-2017,1068,AUSTIN ISD,TRAVIS,Educational Institution,Public,HART ELEMENTARY AUSTIN,06/01/2017 12:00:00 AM,703.0,631.0,45.0,27.0,535490.1099999999
2016-2017,1068,AUSTIN ISD,TRAVIS,Educational Institution,Public,HIGHLAND PARK ELEMENTARY AUSTIN,05/01/2017 12:00:00 AM,752.0,132.0,50.0,570.0,222681.81
2016-2017,1068,AUSTIN ISD,TRAVIS,Educational Institution,Public,HILL ELEMENTARY AUSTIN,06/01/2017 12:00:00 AM,942.0,71.0,15.0,857.0,48664.43
2016-2017,1068,AUSTIN ISD,TRAVIS,Educational Institution,Public,HOUSTON ELEMENTARY AUSTIN,06/01/2017 12:00:00 AM,690.0,611.0,40.0,39.0,495663.33
2016-2017,1068,AUSTIN ISD,TRAVIS,Educational Institution,Public,INTERNATIONAL HIGH SCHOOL,06/01/2017 12:00:00 AM,303.0,270.0,17.0,15.0,162764.78999999998
2016-2017,1068,AUSTIN ISD,TRAVIS,Educational Institution,Public,JORDAN ELEMENTARY AUSTIN,06/01/2017 12:00:00 AM,714.0,640.0,44.0,30.0,423481.14
2016-2017,1068,AUSTIN ISD,TRAVIS,Educational Institution,Public,JOSLIN ELEMENTARY,06/01/2017 12:00:00 AM,258.0,174.0,11.0,73.0,126416.67
2016-2017,1068,AUSTIN ISD,TRAVIS,Educational Institution,Public,KEALING M S,06/01/2017 12:00:00 AM,1223.0,313.0,32.0,878.0,153404.16999999998
2016-2017,1068,AUSTIN ISD,TRAVIS,Educational Institution,Public,KIKER ELEMENTARY,06/01/2017 12:00:00 AM,1052.0,46.0,7.0,999.0,36970.27
2016-2017,1068,AUSTIN ISD,TRAVIS,Educational Institution,Public,KOCUREK ELEMENTARY,06/01/2017 12:00:00 AM,541.0,331.0,43.0,168.0,214149.24
2016-2017,1068,AUSTIN ISD,TRAVIS,Educational Institution,Public,LAMAR MIDDLE,06/01/2017 12:00:00 AM,1013.0,216.0,40.0,756.0,94766.88999999998
2016-2017,1068,AUSTIN ISD,TRAVIS,Educational Institution,Public,LANGFORD ELEMENTARY,06/01/2017 12:00:00 AM,620.0,547.0,44.0,29.0,470053.73
2016-2017,1068,AUSTIN ISD,TRAVIS,Educational Institution,Public,LANIER HIGH SCHOOL AUSTIN,06/01/2017 12:00:00 AM,1612.0,1300.0,96.0,216.0,528948.47
2016-2017,1068,AUSTIN ISD,TRAVIS,Educational Institution,Public,LASA HIGH SCHOOL,06/01/2017 12:00:00 AM,1109.0,56.0,25.0,1028.0,35076.29
2016-2017,1068,AUSTIN ISD,TRAVIS,Educational Institution,Public,LBJ HIGH SCHOOL,06/01/2017 12:00:00 AM,795.0,569.0,55.0,170.0,238233.93
2016-2017,1068,AUSTIN ISD,TRAVIS,Educational Institution,Public,LEE ELEMENTARY AUSTIN,06/01/2017 12:00:00 AM,406.0,55.0,8.0,343.0,38880.31000000001
2016-2017,1068,AUSTIN ISD,TRAVIS,Educational Institution,Public,LINDER ELEMENTARY,06/01/2017 12:00:00 AM,300.0,267.0,15.0,17.0,236138.25
2016-2017,1068,AUSTIN ISD,TRAVIS,Educational Institution,Public,MAPLEWOOD ELEMENTARY AUSTIN,06/01/2017 12:00:00 AM,498.0,193.0,24.0,281.0,137422.77
2016-2017,1068,AUSTIN ISD,TRAVIS,Educational Institution,Public,MARTIN MIDDLE SCHOOL AUSTIN,06/01/2017 12:00:00 AM,441.0,391.0,26.0,24.0,223556.57
2016-2017,1068,AUSTIN ISD,TRAVIS,Educational Institution,Public,MATHEWS ELEMENTARY AUSTIN,06/01/2017 12:00:00 AM,439.0,132.0,14.0,292.0,80483.96
2016-2017,1068,AUSTIN ISD,TRAVIS,Educational Institution,Public,MCBEE ELEMENTARY SCHOOL AUSTIN,06/01/2017 12:00:00 AM,444.0,401.0,19.0,24.0,277262.57
2016-2017,1068,AUSTIN ISD,TRAVIS,Educational Institution,Public,MCCALLUM H S,05/01/2017 12:00:00 AM,1758.0,432.0,60.0,1267.0,131838.54
2016-2017,1068,AUSTIN ISD,TRAVIS,Educational Institution,Public,MENCHACA ELEMENTARY AUSTIN,06/01/2017 12:00:00 AM,744.0,298.0,43.0,403.0,183339.86
2016-2017,1068,AUSTIN ISD,TRAVIS,Educational Institution,Public,MENDEZ MIDDLE,06/01/2017 12:00:00 AM,725.0,634.0,52.0,39.0,419678.02
2016-2017,1068,AUSTIN ISD,TRAVIS,Educational Institution,Public,METZ ELEMENTARY,06/01/2017 12:00:00 AM,303.0,254.0,25.0,25.0,212106.85
2016-2017,1068,AUSTIN ISD,TRAVIS,Educational Institution,Public,MILLS ELEMENTARY SCHOOL AUSTIN,06/01/2017 12:00:00 AM,856.0,82.0,9.0,765.0,44538.02999999999
2016-2017,1068,AUSTIN ISD,TRAVIS,Educational Institution,Public,MURCHISON MIDDLE,06/01/2017 12:00:00 AM,1339.0,261.0,51.0,1027.0,123396.89999999998
2016-2017,1068,AUSTIN ISD,TRAVIS,Educational Institution,Public,NORMAN-SIMS ELEMENTARYEMENTARY,06/01/2017 12:00:00 AM,266.0,242.0,15.0,9.0,174985.09999999998
2016-2017,1068,AUSTIN ISD,TRAVIS,Educational Institution,Public,O HENRY MIDDLE,06/01/2017 12:00:00 AM,866.0,202.0,39.0,626.0,97470.97
2016-2017,1068,AUSTIN ISD,TRAVIS,Educational Institution,Public,OAK HILL ELEMENTARY AUSTINEMENTARY AUSTIN,06/01/2017 12:00:00 AM,855.0,326.0,32.0,496.0,219657.63
2016-2017,1068,AUSTIN ISD,TRAVIS,Educational Institution,Public,OAK SPRINGS ELEMENTARY,06/01/2017 12:00:00 AM,326.0,314.0,4.0,9.0,229863.83
2016-2017,1068,AUSTIN ISD,TRAVIS,Educational Institution,Public,ODOM ELEMENTARY,06/01/2017 12:00:00 AM,511.0,412.0,49.0,51.0,293218.62
2016-2017,1068,AUSTIN ISD,TRAVIS,Educational Institution,Public,ORTEGA ELEMENTARY,06/01/2017 12:00:00 AM,314.0,253.0,25.0,35.0,190335.22
2016-2017,1068,AUSTIN ISD,TRAVIS,Educational Institution,Public,OVERTON ELEMENTARY,06/01/2017 12:00:00 AM,664.0,595.0,34.0,35.0,380026.06000000006
2016-2017,1068,AUSTIN ISD,TRAVIS,Educational Institution,Public,PADRON ELEMENTARY,06/01/2017 12:00:00 AM,800.0,734.0,38.0,28.0,534042.7599999999
2016-2017,1068,AUSTIN ISD,TRAVIS,Educational Institution,Public,PALM ELEMENTARY,06/01/2017 12:00:00 AM,475.0,362.0,57.0,56.0,329621.38
2016-2017,1068,AUSTIN ISD,TRAVIS,Educational Institution,Public,PAREDES MIDDLE SCHOOL,06/01/2017 12:00:00 AM,966.0,594.0,112.0,260.0,343864.46
2016-2017,1068,AUSTIN ISD,TRAVIS,Educational Institution,Public,PATTON ELEMENTARY,06/01/2017 12:00:00 AM,980.0,223.0,32.0,726.0,108728.83000000002
2016-2017,1068,AUSTIN ISD,TRAVIS,Educational Institution,Public,PEASE ELEMENTARY,06/01/2017 12:00:00 AM,243.0,35.0,7.0,201.0,26365.22
2016-2017,1068,AUSTIN ISD,TRAVIS,Educational Institution,Public,PECAN SPRINGS ELEMENTARY,06/01/2017 12:00:00 AM,485.0,448.0,17.0,20.0,397871.36
2016-2017,1068,AUSTIN ISD,TRAVIS,Educational Institution,Public,PEREZ ELEMENTARY,06/01/2017 12:00:00 AM,728.0,586.0,62.0,81.0,478957.78
2016-2017,1068,AUSTIN ISD,TRAVIS,Educational Institution,Public,PICKLE ELEMENTARY,06/01/2017 12:00:00 AM,653.0,603.0,27.0,23.0,518796.4600000001
2016-2017,1068,AUSTIN ISD,TRAVIS,Educational Institution,Public,PILLOW ELEMENTARY,06/01/2017 12:00:00 AM,523.0,359.0,41.0,123.0,300433.05999999994
2016-2017,1068,AUSTIN ISD,TRAVIS,Educational Institution,Public,PLEASANT HILL ELEMENTARY AUSTINEMENTARY AUSTIN,06/01/2017 12:00:00 AM,509.0,405.0,54.0,50.0,315589.77
2016-2017,1068,AUSTIN ISD,TRAVIS,Educational Institution,Public,PREMIER H S AT LANIER,06/01/2017 12:00:00 AM,117.0,91.0,4.0,22.0,13110.41
2016-2017,1068,AUSTIN ISD,TRAVIS,Educational Institution,Public,PREMIER H S AT TRAVIS,06/01/2017 12:00:00 AM,164.0,127.0,10.0,27.0,17130.089999999997
2016-2017,1068,AUSTIN ISD,TRAVIS,Educational Institution,Public,READ PRE-K DEMONSTRATION SCH,06/01/2017 12:00:00 AM,325.0,325.0,0.0,0.0,250875.72
2016-2017,1068,AUSTIN ISD,TRAVIS,Educational Institution,Public,REAGAN HIGH SCHOOL AUSTIN,06/01/2017 12:00:00 AM,1212.0,939.0,87.0,186.0,347482.23
2016-2017,1068,AUSTIN ISD,TRAVIS,Educational Institution,Public,REILLY ELEMENTARY AUSTIN,06/01/2017 12:00:00 AM,276.0,238.0,13.0,25.0,187494.29
2016-2017,1068,AUSTIN ISD,TRAVIS,Educational Institution,Public,RIDGETOP ELEMENTARY,06/01/2017 12:00:00 AM,330.0,107.0,17.0,205.0,80492.43
2016-2017,1068,AUSTIN ISD,TRAVIS,Educational Institution,Public,RODRIGUEZ ELEMENTARY,06/01/2017 12:00:00 AM,602.0,555.0,31.0,16.0,482107.06999999995
2016-2017,1068,AUSTIN ISD,TRAVIS,Educational Institution,Public,ROSEDALE SCHOOL,06/01/2017 12:00:00 AM,220.0,73.0,6.0,141.0,20681.39
2016-2017,1068,AUSTIN ISD,TRAVIS,Educational Institution,Public,SANCHEZ ELEMENTARY,06/01/2017 12:00:00 AM,348.0,308.0,24.0,16.0,229536.73
2016-2017,1068,AUSTIN ISD,TRAVIS,Educational Institution,Public,SCHOOL FOR YOUNG MEN AUSTIN,06/01/2017 12:00:00 AM,428.0,369.0,32.0,27.0,278541.05000000005
2016-2017,1068,AUSTIN ISD,TRAVIS,Educational Institution,Public,SCHOOL FOR YOUNG WOMEN,06/01/2017 12:00:00 AM,399.0,332.0,35.0,32.0,232906.05
2016-2017,1068,AUSTIN ISD,TRAVIS,Educational Institution,Public,SIMS ELEMENTARY,06/01/2017 12:00:00 AM,230.0,200.0,18.0,12.0,141371.7
2016-2017,1068,AUSTIN ISD,TRAVIS,Educational Institution,Public,SMALL MS,06/01/2017 12:00:00 AM,1189.0,290.0,54.0,845.0,130113.91000000002
2016-2017,1068,AUSTIN ISD,TRAVIS,Educational Institution,Public,ST ELMO ELEMENTARY,06/01/2017 12:00:00 AM,281.0,222.0,19.0,40.0,184952.35
2016-2017,1068,AUSTIN ISD,TRAVIS,Educational Institution,Public,SUMMITT ELEMENTARY,06/01/2017 12:00:00 AM,835.0,233.0,69.0,533.0,155280.68
2016-2017,1068,AUSTIN ISD,TRAVIS,Educational Institution,Public,SUNSET VALLEY ELEMENTARY AUSTIN,06/01/2017 12:00:00 AM,534.0,287.0,17.0,230.0,237866.93
2016-2017,1068,AUSTIN ISD,TRAVIS,Educational Institution,Public,T A BROWN ELEMENTARY,06/01/2017 12:00:00 AM,337.0,306.0,14.0,16.0,183188.66
2016-2017,1068,AUSTIN ISD,TRAVIS,Educational Institution,Public,TRAVIS EARLY COLLEGE HIGH SCHOOL AUSTIN,06/01/2017 12:00:00 AM,1186.0,879.0,76.0,231.0,431140.44000000006
2016-2017,1068,AUSTIN ISD,TRAVIS,Educational Institution,Public,TRAVIS HTS CHARTER,06/01/2017 12:00:00 AM,541.0,353.0,16.0,173.0,215583.82
2016-2017,1068,AUSTIN ISD,TRAVIS,Educational Institution,Public,UPHAUS EARLY CHILDHOOD CENTER,06/01/2017 12:00:00 AM,307.0,278.0,7.0,22.0,220301.2
2016-2017,1068,AUSTIN ISD,TRAVIS,Educational Institution,Public,WALNUT CREEK ELEMENTARY AUSTIN,06/01/2017 12:00:00 AM,624.0,551.0,27.0,47.0,368343.57
2016-2017,1068,AUSTIN ISD,TRAVIS,Educational Institution,Public,WEBB MIDDLE SCHOOL AUSTIN,06/01/2017 12:00:00 AM,700.0,637.0,25.0,38.0,329306.86000000004
2016-2017,1068,AUSTIN ISD,TRAVIS,Educational Institution,Public,WEBB PRIMARY CENTER,06/01/2017 12:00:00 AM,259.0,237.0,11.0,10.0,207909.84
2016-2017,1068,AUSTIN ISD,TRAVIS,Educational Institution,Public,WIDEN ELEMENTARY,06/01/2017 12:00:00 AM,558.0,494.0,36.0,29.0,408414.51
2016-2017,1068,AUSTIN ISD,TRAVIS,Educational Institution,Public,WILLIAMS ELEMENTARY AUSTIN,06/01/2017 12:00:00 AM,464.0,317.0,59.0,88.0,229318.18
2016-2017,1068,AUSTIN ISD,TRAVIS,Educational Institution,Public,WINN ELEMENTARY,06/01/2017 12:00:00 AM,243.0,207.0,20.0,16.0,157504.94
2016-2017,1068,AUSTIN ISD,TRAVIS,Educational Institution,Public,WOOLDRIDGE ELEMENTARY,06/01/2017 12:00:00 AM,615.0,547.0,30.0,38.0,386970.72
2016-2017,1068,AUSTIN ISD,TRAVIS,Educational Institution,Public,WOOTEN ELEMENTARY,06/01/2017 12:00:00 AM,569.0,508.0,20.0,41.0,341959.97
2016-2017,1068,AUSTIN ISD,TRAVIS,Educational Institution,Public,ZAVALA ELEMENTARY AUSTIN,06/01/2017 12:00:00 AM,342.0,312.0,13.0,17.0,215396.61
2016-2017,1068,AUSTIN ISD,TRAVIS,Educational Institution,Public,ZILKER ELEMENTARY AUSTIN,06/01/2017 12:00:00 AM,563.0,103.0,21.0,440.0,62527.72
2017-2018,1068,AUSTIN ISD,TRAVIS,Educational Institution,Public,AKINS H S,05/01/2018 12:00:00 AM,2745.0,1398.0,316.0,1031.0,799116.5200000001
2017-2018,1068,AUSTIN ISD,TRAVIS,Educational Institution,Public,ALLISON ELEMENTARY,05/01/2018 12:00:00 AM,482.0,482.0,0.0,0.0,357761.75
2017-2018,1068,AUSTIN ISD,TRAVIS,Educational Institution,Public,ALTERNATIVE LEARNING CTR AUSTIN,05/01/2018 12:00:00 AM,151.0,100.0,8.0,42.0,61382.2
2017-2018,1068,AUSTIN ISD,TRAVIS,Educational Institution,Public,ANDERSON H S,06/01/2018 12:00:00 AM,2022.0,394.0,79.0,1548.0,169132.66999999998
2017-2018,1068,AUSTIN ISD,TRAVIS,Educational Institution,Public,ANDREWS ELEMENTARY AUSTIN,06/01/2018 12:00:00 AM,459.0,407.0,22.0,30.0,374724.18
2017-2018,1068,AUSTIN ISD,TRAVIS,Educational Institution,Public,ANN RICHARDS SCHOOL FOR YOUNG WOMEN LEADERS,06/01/2018 12:00:00 AM,751.0,328.0,77.0,346.0,190748.7
2017-2018,1068,AUSTIN ISD,TRAVIS,Educational Institution,Public,AUSTIN HIGH SCHOOL,05/01/2018 12:00:00 AM,2242.0,478.0,102.0,1662.0,171664.47999999998
2017-2018,1068,AUSTIN ISD,TRAVIS,Educational Institution,Public,BAILEY MIDDLE SCHOOL AUSTIN,05/01/2018 12:00:00 AM,1005.0,259.0,69.0,677.0,125224.0
2017-2018,1068,AUSTIN ISD,TRAVIS,Educational Institution,Public,BALDWIN ELEMENTARY SCHOOL AUSTIN,05/01/2018 12:00:00 AM,805.0,113.0,12.0,680.0,73178.24999999999
2017-2018,1068,AUSTIN ISD,TRAVIS,Educational Institution,Public,BARANOFF ELEMENTARY,05/01/2018 12:00:00 AM,1021.0,103.0,26.0,892.0,64129.31
2017-2018,1068,AUSTIN ISD,TRAVIS,Educational Institution,Public,BARRINGTON ELEMENTARY AUSTIN,05/01/2018 12:00:00 AM,541.0,541.0,0.0,0.0,439842.53
2017-2018,1068,AUSTIN ISD,TRAVIS,Educational Institution,Public,BARTON HILLS ELEMENTARY,05/01/2018 12:00:00 AM,456.0,30.0,11.0,415.0,31600.800000000007
2017-2018,1068,AUSTIN ISD,TRAVIS,Educational Institution,Public,BECKER ELEMENTARY,05/01/2018 12:00:00 AM,447.0,148.0,11.0,288.0,93189.32
2017-2018,1068,AUSTIN ISD,TRAVIS,Educational Institution,Public,BEDICHEK MIDDLE,06/01/2018 12:00:00 AM,780.0,562.0,89.0,130.0,295665.6
2017-2018,1068,AUSTIN ISD,TRAVIS,Educational Institution,Public,BLACKSHEAR ELEMENTARY AUSTIN,05/01/2018 12:00:00 AM,380.0,233.0,24.0,123.0,181870.32
2017-2018,1068,AUSTIN ISD,TRAVIS,Educational Institution,Public,BLANTON ELEMENTARY AUSTIN,06/01/2018 12:00:00 AM,467.0,301.0,21.0,146.0,206725.66
2017-2018,1068,AUSTIN ISD,TRAVIS,Educational Institution,Public,BLAZIER ELEMENTARY SCHOOL,05/01/2018 12:00:00 AM,864.0,487.0,100.0,277.0,325649.4
2017-2018,1068,AUSTIN ISD,TRAVIS,Educational Institution,Public,BOONE ELEMENTARY AUSTIN,05/01/2018 12:00:00 AM,540.0,220.0,44.0,276.0,135213.40999999995
2017-2018,1068,AUSTIN ISD,TRAVIS,Educational Institution,Public,BOWIE HIGH SCHOOL AUSTIN,05/01/2018 12:00:00 AM,2873.0,250.0,76.0,2546.0,96799.25
2017-2018,1068,AUSTIN ISD,TRAVIS,Educational Institution,Public,BRENTWOOD ELEMENTARY,05/01/2018 12:00:00 AM,676.0,124.0,16.0,537.0,70219.52
2017-2018,1068,AUSTIN ISD,TRAVIS,Educational Institution,Public,BROOKE ELEMENTARY,06/01/2018 12:00:00 AM,226.0,226.0,0.0,0.0,184478.39
2017-2018,1068,AUSTIN ISD,TRAVIS,Educational Institution,Public,BRYKER WOODS ELEMENTARY,05/01/2018 12:00:00 AM,460.0,32.0,9.0,419.0,21996.7
2017-2018,1068,AUSTIN ISD,TRAVIS,Educational Institution,Public,BURNET MIDDLE,05/01/2018 12:00:00 AM,1000.0,843.0,52.0,104.0,472773.05
2017-2018,1068,AUSTIN ISD,TRAVIS,Educational Institution,Public,CAMPBELL ELEMENTARY AUSTIN,05/01/2018 12:00:00 AM,197.0,163.0,10.0,25.0,128509.63999999998
2017-2018,1068,AUSTIN ISD,TRAVIS,Educational Institution,Public,CASEY ELEMENTARY,05/01/2018 12:00:00 AM,622.0,346.0,65.0,211.0,263635.48
2017-2018,1068,AUSTIN ISD,TRAVIS,Educational Institution,Public,CASIS ELEMENTARY,05/01/2018 12:00:00 AM,770.0,32.0,2.0,736.0,20219.96
2017-2018,1068,AUSTIN ISD,TRAVIS,Educational Institution,Public,CLAYTON ELEMENTARY,05/01/2018 12:00:00 AM,844.0,11.0,3.0,831.0,21077.75
2017-2018,1068,AUSTIN ISD,TRAVIS,Educational Institution,Public,COOK ELEMENTARY AUSTIN,05/01/2018 12:00:00 AM,467.0,404.0,20.0,44.0,264490.67000000004
2017-2018,1068,AUSTIN ISD,TRAVIS,Educational Institution,Public,COVINGTON MIDDLE,05/01/2018 12:00:00 AM,662.0,335.0,60.0,266.0,190215.23
2017-2018,1068,AUSTIN ISD,TRAVIS,Educational Institution,Public,COWAN ELEMENTARY,05/01/2018 12:00:00 AM,850.0,241.0,52.0,557.0,139389.96
2017-2018,1068,AUSTIN ISD,TRAVIS,Educational Institution,Public,CROCKETT H S,06/01/2018 12:00:00 AM,1346.0,751.0,112.0,483.0,290884.5
2017-2018,1068,AUSTIN ISD,TRAVIS,Educational Institution,Public,CUNNINGHAM ELEMENTARY,05/01/2018 12:00:00 AM,401.0,232.0,28.0,142.0,143094.34000000005
2017-2018,1068,AUSTIN ISD,TRAVIS,Educational Institution,Public,DAVIS ELEMENTARY AUSTIN,05/01/2018 12:00:00 AM,798.0,192.0,30.0,576.0,85522.36
2017-2018,1068,AUSTIN ISD,TRAVIS,Educational Institution,Public,DAWSON ELEMENTARY,06/01/2018 12:00:00 AM,328.0,228.0,21.0,79.0,206692.96
2017-2018,1068,AUSTIN ISD,TRAVIS,Educational Institution,Public,DILL SPECIAL PROG,11/01/2017 12:00:00 AM,0.0,0.0,0.0,0.0,0.0
2017-2018,1068,AUSTIN ISD,TRAVIS,Educational Institution,Public,DOBIE MIDDLE,05/01/2018 12:00:00 AM,614.0,506.0,36.0,72.0,279231.98000000004
2017-2018,1068,AUSTIN ISD,TRAVIS,Educational Institution,Public,DOBIE PK CENTER,05/01/2018 12:00:00 AM,215.0,215.0,0.0,0.0,160230.84000000005
2017-2018,1068,AUSTIN ISD,TRAVIS,Educational Institution,Public,DOSS ELEMENTARY,05/01/2018 12:00:00 AM,832.0,105.0,26.0,700.0,76492.16
2017-2018,1068,AUSTIN ISD,TRAVIS,Educational Institution,Public,EASTSIDE MEMORIAL AT THE JOHNSTON CAMPUS,05/01/2018 12:00:00 AM,494.0,375.0,51.0,68.0,165552.80000000002
2017-2018,1068,AUSTIN ISD,TRAVIS,Educational Institution,Public,FULMORE MIDDLE,05/01/2018 12:00:00 AM,1002.0,582.0,58.0,363.0,259986.9
2017-2018,1068,AUSTIN ISD,TRAVIS,Educational Institution,Public,GALINDO ELEMENTARY,06/01/2018 12:00:00 AM,527.0,454.0,28.0,45.0,337669.27
2017-2018,1068,AUSTIN ISD,TRAVIS,Educational Institution,Public,GARCIA YMLA,06/01/2018 12:00:00 AM,371.0,304.0,26.0,41.0,257255.22
2017-2018,1068,AUSTIN ISD,TRAVIS,Educational Institution,Public,GARZA INDEPENDENCE H S,06/01/2018 12:00:00 AM,174.0,52.0,6.0,116.0,17566.320000000003
2017-2018,1068,AUSTIN ISD,TRAVIS,Educational Institution,Public,GORZYCKI MIDDLE SCHOOL,05/01/2018 12:00:00 AM,1277.0,55.0,8.0,1214.0,31498.13
2017-2018,1068,AUSTIN ISD,TRAVIS,Educational Institution,Public,GOVALLE ELEMENTARY,06/01/2018 12:00:00 AM,377.0,377.0,0.0,0.0,283240.38
2017-2018,1068,AUSTIN ISD,TRAVIS,Educational Institution,Public,GRAHAM ELEMENTARY,05/01/2018 12:00:00 AM,627.0,466.0,45.0,117.0,292763.59
2017-2018,1068,AUSTIN ISD,TRAVIS,Educational Institution,Public,GUERRERO THOMPSON,05/01/2018 12:00:00 AM,653.0,587.0,34.0,32.0,474342.88000000006
2017-2018,1068,AUSTIN ISD,TRAVIS,Educational Institution,Public,GULLETT ELEMENTARY,05/01/2018 12:00:00 AM,572.0,49.0,7.0,517.0,26213.07
2017-2018,1068,AUSTIN ISD,TRAVIS,Educational Institution,Public,HARRIS ELEMENTARY AUSTIN,05/01/2018 12:00:00 AM,617.0,617.0,0.0,0.0,472175.26
2017-2018,1068,AUSTIN ISD,TRAVIS,Educational Institution,Public,HART ELEMENTARY AUSTIN,05/01/2018 12:00:00 AM,699.0,604.0,42.0,53.0,512321.44
2017-2018,1068,AUSTIN ISD,TRAVIS,Educational Institution,Public,HIGHLAND PARK ELEMENTARY AUSTIN,06/01/2018 12:00:00 AM,650.0,95.0,39.0,516.0,149328.86
2017-2018,1068,AUSTIN ISD,TRAVIS,Educational Institution,Public,HILL ELEMENTARY AUSTIN,05/01/2018 12:00:00 AM,964.0,87.0,9.0,868.0,63043.25
2017-2018,1068,AUSTIN ISD,TRAVIS,Educational Institution,Public,HOUSTON ELEMENTARY AUSTIN,06/01/2018 12:00:00 AM,584.0,507.0,35.0,42.0,414891.67
2017-2018,1068,AUSTIN ISD,TRAVIS,Educational Institution,Public,INTERNATIONAL HIGH SCHOOL,05/01/2018 12:00:00 AM,211.0,180.0,14.0,18.0,124120.16000000002
2017-2018,1068,AUSTIN ISD,TRAVIS,Educational Institution,Public,JORDAN ELEMENTARY AUSTIN,06/01/2018 12:00:00 AM,604.0,535.0,35.0,34.0,371380.76
2017-2018,1068,AUSTIN ISD,TRAVIS,Educational Institution,Public,JOSLIN ELEMENTARY,05/01/2018 12:00:00 AM,275.0,186.0,11.0,78.0,122121.53999999998
2017-2018,1068,AUSTIN ISD,TRAVIS,Educational Institution,Public,KEALING M S,05/01/2018 12:00:00 AM,1221.0,335.0,48.0,838.0,181427.2
2017-2018,1068,AUSTIN ISD,TRAVIS,Educational Institution,Public,KIKER ELEMENTARY,05/01/2018 12:00:00 AM,1122.0,53.0,6.0,1063.0,36670.44
2017-2018,1068,AUSTIN ISD,TRAVIS,Educational Institution,Public,KOCUREK ELEMENTARY,05/01/2018 12:00:00 AM,576.0,350.0,45.0,182.0,199149.9
2017-2018,1068,AUSTIN ISD,TRAVIS,Educational Institution,Public,LAMAR MIDDLE,05/01/2018 12:00:00 AM,1132.0,220.0,35.0,877.0,82704.54000000001
2017-2018,1068,AUSTIN ISD,TRAVIS,Educational Institution,Public,LANGFORD ELEMENTARY,06/01/2018 12:00:00 AM,502.0,425.0,41.0,36.0,395068.13
2017-2018,1068,AUSTIN ISD,TRAVIS,Educational Institution,Public,LANIER HIGH SCHOOL AUSTIN,05/01/2018 12:00:00 AM,1604.0,1276.0,94.0,235.0,464680.65
2017-2018,1068,AUSTIN ISD,TRAVIS,Educational Institution,Public,LASA HIGH SCHOOL,05/01/2018 12:00:00 AM,1179.0,78.0,22.0,1078.0,33442.740000000005
2017-2018,1068,AUSTIN ISD,TRAVIS,Educational Institution,Public,LBJ HIGH SCHOOL,05/01/2018 12:00:00 AM,793.0,553.0,56.0,184.0,182769.89
2017-2018,1068,AUSTIN ISD,TRAVIS,Educational Institution,Public,LEE ELEMENTARY AUSTIN,05/01/2018 12:00:00 AM,445.0,56.0,11.0,378.0,39875.55
2017-2018,1068,AUSTIN ISD,TRAVIS,Educational Institution,Public,LINDER ELEMENTARY,05/01/2018 12:00:00 AM,319.0,275.0,18.0,26.0,224135.18
2017-2018,1068,AUSTIN ISD,TRAVIS,Educational Institution,Public,MAPLEWOOD ELEMENTARY AUSTIN,05/01/2018 12:00:00 AM,489.0,176.0,19.0,294.0,113482.09
2017-2018,1068,AUSTIN ISD,TRAVIS,Educational Institution,Public,MARTIN MIDDLE SCHOOL AUSTIN,05/01/2018 12:00:00 AM,460.0,393.0,26.0,42.0,222370.99
2017-2018,1068,AUSTIN ISD,TRAVIS,Educational Institution,Public,MATHEWS ELEMENTARY AUSTIN,05/01/2018 12:00:00 AM,439.0,124.0,17.0,298.0,76715.05
2017-2018,1068,AUSTIN ISD,TRAVIS,Educational Institution,Public,MCBEE ELEMENTARY SCHOOL AUSTIN,06/01/2018 12:00:00 AM,363.0,321.0,18.0,24.0,240761.34
2017-2018,1068,AUSTIN ISD,TRAVIS,Educational Institution,Public,MCCALLUM H S,05/01/2018 12:00:00 AM,1762.0,354.0,62.0,1346.0,103627.27
2017-2018,1068,AUSTIN ISD,TRAVIS,Educational Institution,Public,MENCHACA ELEMENTARY AUSTIN,06/01/2018 12:00:00 AM,666.0,265.0,34.0,367.0,163935.77999999994
2017-2018,1068,AUSTIN ISD,TRAVIS,Educational Institution,Public,MENDEZ MIDDLE,06/01/2018 12:00:00 AM,604.0,507.0,37.0,60.0,336325.61
2017-2018,1068,AUSTIN ISD,TRAVIS,Educational Institution,Public,METZ ELEMENTARY,06/01/2018 12:00:00 AM,260.0,221.0,14.0,24.0,195358.04
2017-2018,1068,AUSTIN ISD,TRAVIS,Educational Institution,Public,MILLS ELEMENTARY SCHOOL AUSTIN,05/01/2018 12:00:00 AM,858.0,76.0,5.0,777.0,38183.55
2017-2018,1068,AUSTIN ISD,TRAVIS,Educational Institution,Public,MURCHISON MIDDLE,05/01/2018 12:00:00 AM,1408.0,272.0,52.0,1085.0,101825.97
2017-2018,1068,AUSTIN ISD,TRAVIS,Educational Institution,Public,NORMAN-SIMS ELEMENTARYEMENTARY,05/01/2018 12:00:00 AM,201.0,201.0,0.0,0.0,131993.91000000006
2017-2018,1068,AUSTIN ISD,TRAVIS,Educational Institution,Public,O HENRY MIDDLE,05/01/2018 12:00:00 AM,861.0,218.0,36.0,606.0,94382.62
2017-2018,1068,AUSTIN ISD,TRAVIS,Educational Institution,Public,OAK HILL ELEMENTARY AUSTINEMENTARY AUSTIN,05/01/2018 12:00:00 AM,883.0,341.0,32.0,510.0,223372.08
2017-2018,1068,AUSTIN ISD,TRAVIS,Educational Institution,Public,OAK SPRINGS ELEMENTARY,05/01/2018 12:00:00 AM,311.0,311.0,0.0,0.0,232980.86
2017-2018,1068,AUSTIN ISD,TRAVIS,Educational Institution,Public,ODOM ELEMENTARY,05/01/2018 12:00:00 AM,478.0,371.0,50.0,57.0,247678.28
2017-2018,1068,AUSTIN ISD,TRAVIS,Educational Institution,Public,ORTEGA ELEMENTARY,05/01/2018 12:00:00 AM,281.0,222.0,26.0,32.0,161649.14
2017-2018,1068,AUSTIN ISD,TRAVIS,Educational Institution,Public,OVERTON ELEMENTARY,06/01/2018 12:00:00 AM,514.0,445.0,31.0,39.0,306043.34
2017-2018,1068,AUSTIN ISD,TRAVIS,Educational Institution,Public,PADRON ELEMENTARY,05/01/2018 12:00:00 AM,759.0,687.0,34.0,38.0,494769.34
2017-2018,1068,AUSTIN ISD,TRAVIS,Educational Institution,Public,PALM ELEMENTARY,06/01/2018 12:00:00 AM,409.0,308.0,43.0,58.0,283268.2
2017-2018,1068,AUSTIN ISD,TRAVIS,Educational Institution,Public,PAREDES MIDDLE SCHOOL,05/01/2018 12:00:00 AM,906.0,557.0,101.0,248.0,373796.69000000006
2017-2018,1068,AUSTIN ISD,TRAVIS,Educational Institution,Public,PATTON ELEMENTARY,05/01/2018 12:00:00 AM,985.0,258.0,32.0,696.0,108224.27
2017-2018,1068,AUSTIN ISD,TRAVIS,Educational Institution,Public,PEASE ELEMENTARY,05/01/2018 12:00:00 AM,234.0,25.0,12.0,196.0,21828.16
2017-2018,1068,AUSTIN ISD,TRAVIS,Educational Institution,Public,PECAN SPRINGS ELEMENTARY,06/01/2018 12:00:00 AM,422.0,422.0,0.0,0.0,396106.29
2017-2018,1068,AUSTIN ISD,TRAVIS,Educational Institution,Public,PEREZ ELEMENTARY,06/01/2018 12:00:00 AM,608.0,488.0,54.0,66.0,412485.24
2017-2018,1068,AUSTIN ISD,TRAVIS,Educational Institution,Public,PICKLE ELEMENTARY,05/01/2018 12:00:00 AM,560.0,560.0,0.0,0.0,431911.12
2017-2018,1068,AUSTIN ISD,TRAVIS,Educational Institution,Public,PILLOW ELEMENTARY,06/01/2018 12:00:00 AM,473.0,330.0,30.0,113.0,299508.41
2017-2018,1068,AUSTIN ISD,TRAVIS,Educational Institution,Public,PLEASANT HILL ELEMENTARY AUSTINEMENTARY AUSTIN,06/01/2018 12:00:00 AM,433.0,352.0,33.0,48.0,314944.44
2017-2018,1068,AUSTIN ISD,TRAVIS,Educational Institution,Public,PREMIER H S AT LANIER,05/01/2018 12:00:00 AM,94.0,58.0,1.0,34.0,6835.980000000001
2017-2018,1068,AUSTIN ISD,TRAVIS,Educational Institution,Public,PREMIER H S AT TRAVIS,05/01/2018 12:00:00 AM,138.0,99.0,4.0,35.0,14359.81
2017-2018,1068,AUSTIN ISD,TRAVIS,Educational Institution,Public,READ PRE-K DEMONSTRATION SCH,05/01/2018 12:00:00 AM,320.0,320.0,0.0,0.0,235927.01
2017-2018,1068,AUSTIN ISD,TRAVIS,Educational Institution,Public,REAGAN HIGH SCHOOL AUSTIN,05/01/2018 12:00:00 AM,1247.0,970.0,72.0,204.0,331714.3
2017-2018,1068,AUSTIN ISD,TRAVIS,Educational Institution,Public,REILLY ELEMENTARY AUSTIN,05/01/2018 12:00:00 AM,245.0,182.0,14.0,49.0,123061.72999999998
2017-2018,1068,AUSTIN ISD,TRAVIS,Educational Institution,Public,RIDGETOP ELEMENTARY,06/01/2018 12:00:00 AM,345.0,113.0,15.0,217.0,84211.93000000001
2017-2018,1068,AUSTIN ISD,TRAVIS,Educational Institution,Public,RODRIGUEZ ELEMENTARY,06/01/2018 12:00:00 AM,468.0,427.0,23.0,19.0,388498.34
2017-2018,1068,AUSTIN ISD,TRAVIS,Educational Institution,Public,ROSEDALE SCHOOL,05/01/2018 12:00:00 AM,216.0,46.0,7.0,162.0,22023.51
2017-2018,1068,AUSTIN ISD,TRAVIS,Educational Institution,Public,SADLER MEANS YWLA,06/01/2018 12:00:00 AM,361.0,309.0,23.0,30.0,205544.14000000004
2017-2018,1068,AUSTIN ISD,TRAVIS,Educational Institution,Public,SANCHEZ ELEMENTARY,06/01/2018 12:00:00 AM,256.0,224.0,19.0,14.0,175355.74
2017-2018,1068,AUSTIN ISD,TRAVIS,Educational Institution,Public,SIMS ELEMENTARY,06/01/2018 12:00:00 AM,194.0,194.0,0.0,0.0,144858.11000000002
2017-2018,1068,AUSTIN ISD,TRAVIS,Educational Institution,Public,SMALL MS,05/01/2018 12:00:00 AM,1246.0,297.0,42.0,907.0,115345.42
2017-2018,1068,AUSTIN ISD,TRAVIS,Educational Institution,Public,ST ELMO ELEMENTARY,05/01/2018 12:00:00 AM,295.0,230.0,20.0,45.0,191902.3
2017-2018,1068,AUSTIN ISD,TRAVIS,Educational Institution,Public,SUMMITT ELEMENTARY,05/01/2018 12:00:00 AM,846.0,243.0,54.0,549.0,151021.61
2017-2018,1068,AUSTIN ISD,TRAVIS,Educational Institution,Public,SUNSET VALLEY ELEMENTARY AUSTIN,06/01/2018 12:00:00 AM,500.0,258.0,19.0,223.0,220668.19
2017-2018,1068,AUSTIN ISD,TRAVIS,Educational Institution,Public,T A BROWN ELEMENTARY,05/01/2018 12:00:00 AM,273.0,273.0,0.0,0.0,197544.73
2017-2018,1068,AUSTIN ISD,TRAVIS,Educational Institution,Public,TRAVIS EARLY COLLEGE HIGH SCHOOL AUSTIN,05/01/2018 12:00:00 AM,1262.0,913.0,70.0,279.0,476089.3499999999
2017-2018,1068,AUSTIN ISD,TRAVIS,Educational Institution,Public,TRAVIS HTS CHARTER,06/01/2018 12:00:00 AM,480.0,299.0,15.0,167.0,244093.77
2017-2018,1068,AUSTIN ISD,TRAVIS,Educational Institution,Public,UPHAUS EARLY CHILDHOOD CENTER,05/01/2018 12:00:00 AM,342.0,342.0,0.0,0.0,264245.92
2017-2018,1068,AUSTIN ISD,TRAVIS,Educational Institution,Public,WALNUT CREEK ELEMENTARY AUSTIN,06/01/2018 12:00:00 AM,592.0,528.0,22.0,43.0,393706.72
2017-2018,1068,AUSTIN ISD,TRAVIS,Educational Institution,Public,WEBB MIDDLE SCHOOL AUSTIN,05/01/2018 12:00:00 AM,683.0,594.0,34.0,56.0,299233.22
2017-2018,1068,AUSTIN ISD,TRAVIS,Educational Institution,Public,WEBB PRIMARY CENTER,05/01/2018 12:00:00 AM,263.0,228.0,10.0,25.0,192250.19
2017-2018,1068,AUSTIN ISD,TRAVIS,Educational Institution,Public,WIDEN ELEMENTARY,05/01/2018 12:00:00 AM,522.0,447.0,30.0,45.0,320372.25
2017-2018,1068,AUSTIN ISD,TRAVIS,Educational Institution,Public,WILLIAMS ELEMENTARY AUSTIN,05/01/2018 12:00:00 AM,470.0,312.0,59.0,100.0,209965.25
2017-2018,1068,AUSTIN ISD,TRAVIS,Educational Institution,Public,WINN ELEMENTARY,05/01/2018 12:00:00 AM,254.0,213.0,13.0,29.0,151600.27
2017-2018,1068,AUSTIN ISD,TRAVIS,Educational Institution,Public,WOOLDRIDGE ELEMENTARY,06/01/2018 12:00:00 AM,486.0,432.0,25.0,29.0,333619.99000000005
2017-2018,1068,AUSTIN ISD,TRAVIS,Educational Institution,Public,WOOTEN ELEMENTARY,05/01/2018 12:00:00 AM,510.0,454.0,20.0,36.0,299719.99
2017-2018,1068,AUSTIN ISD,TRAVIS,Educational Institution,Public,ZAVALA ELEMENTARY AUSTIN,05/01/2018 12:00:00 AM,304.0,304.0,0.0,0.0,218276.06000000003
2017-2018,1068,AUSTIN ISD,TRAVIS,Educational Institution,Public,ZILKER ELEMENTARY AUSTIN,05/01/2018 12:00:00 AM,558.0,102.0,17.0,439.0,61966.92
2018-2019,1068,AUSTIN ISD,TRAVIS,Educational Institution,Public,AKINS H S,05/01/2019 12:00:00 AM,2789.0,1461.0,279.0,1050.0,843048.7200000002
2018-2019,1068,AUSTIN ISD,TRAVIS,Educational Institution,Public,ALLISON ELEMENTARY,05/01/2019 12:00:00 AM,523.0,523.0,0.0,0.0,388620.38
2018-2019,1068,AUSTIN ISD,TRAVIS,Educational Institution,Public,ALTERNATIVE LEARNING CTR AUSTIN,05/01/2019 12:00:00 AM,167.0,104.0,7.0,57.0,56917.61
2018-2019,1068,AUSTIN ISD,TRAVIS,Educational Institution,Public,ANDERSON H S,05/01/2019 12:00:00 AM,2210.0,479.0,75.0,1657.0,152176.59
2018-2019,1068,AUSTIN ISD,TRAVIS,Educational Institution,Public,ANDREWS ELEMENTARY AUSTIN,05/01/2019 12:00:00 AM,408.0,408.0,0.0,0.0,307881.49
2018-2019,1068,AUSTIN ISD,TRAVIS,Educational Institution,Public,ANN RICHARDS SCHOOL FOR YOUNG WOMEN LEADERS,05/01/2019 12:00:00 AM,856.0,359.0,81.0,417.0,189911.02
2018-2019,1068,AUSTIN ISD,TRAVIS,Educational Institution,Public,AUSTIN HIGH SCHOOL,06/01/2019 12:00:00 AM,2306.0,518.0,76.0,1712.0,155816.07
2018-2019,1068,AUSTIN ISD,TRAVIS,Educational Institution,Public,BAILEY MIDDLE SCHOOL AUSTIN,05/01/2019 12:00:00 AM,1005.0,283.0,52.0,671.0,137646.99
2018-2019,1068,AUSTIN ISD,TRAVIS,Educational Institution,Public,BALDWIN ELEMENTARY SCHOOL AUSTIN,05/01/2019 12:00:00 AM,783.0,118.0,17.0,648.0,82542.71
2018-2019,1068,AUSTIN ISD,TRAVIS,Educational Institution,Public,BARANOFF ELEMENTARY,05/01/2019 12:00:00 AM,998.0,112.0,24.0,862.0,70823.5
2018-2019,1068,AUSTIN ISD,TRAVIS,Educational Institution,Public,BARRINGTON ELEMENTARY AUSTIN,05/01/2019 12:00:00 AM,683.0,683.0,0.0,0.0,563948.97
2018-2019,1068,AUSTIN ISD,TRAVIS,Educational Institution,Public,BARTON HILLS ELEMENTARY,05/01/2019 12:00:00 AM,446.0,27.0,10.0,409.0,29257.380000000005
2018-2019,1068,AUSTIN ISD,TRAVIS,Educational Institution,Public,BECKER ELEMENTARY,05/01/2019 12:00:00 AM,448.0,138.0,9.0,301.0,86985.34
2018-2019,1068,AUSTIN ISD,TRAVIS,Educational Institution,Public,BEDICHEK MIDDLE,05/01/2019 12:00:00 AM,851.0,628.0,81.0,142.0,294135.34
2018-2019,1068,AUSTIN ISD,TRAVIS,Educational Institution,Public,BLACKSHEAR ELEMENTARY AUSTIN,05/01/2019 12:00:00 AM,422.0,244.0,21.0,157.0,194088.58
2018-2019,1068,AUSTIN ISD,TRAVIS,Educational Institution,Public,BLANTON ELEMENTARY AUSTIN,05/01/2019 12:00:00 AM,500.0,303.0,24.0,173.0,245454.08
2018-2019,1068,AUSTIN ISD,TRAVIS,Educational Institution,Public,BLAZIER ELEMENTARY SCHOOL,05/01/2019 12:00:00 AM,887.0,530.0,90.0,266.0,340216.2
2018-2019,1068,AUSTIN ISD,TRAVIS,Educational Institution,Public,BOONE ELEMENTARY AUSTIN,05/01/2019 12:00:00 AM,522.0,230.0,38.0,254.0,134463.09
2018-2019,1068,AUSTIN ISD,TRAVIS,Educational Institution,Public,BOWIE HIGH SCHOOL AUSTIN,05/01/2019 12:00:00 AM,2919.0,275.0,72.0,2572.0,103394.12
2018-2019,1068,AUSTIN ISD,TRAVIS,Educational Institution,Public,BRENTWOOD ELEMENTARY,05/01/2019 12:00:00 AM,673.0,124.0,15.0,534.0,74853.23999999999
2018-2019,1068,AUSTIN ISD,TRAVIS,Educational Institution,Public,BROOKE ELEMENTARY,05/01/2019 12:00:00 AM,278.0,278.0,0.0,0.0,221718.03
2018-2019,1068,AUSTIN ISD,TRAVIS,Educational Institution,Public,BRYKER WOODS ELEMENTARY,05/01/2019 12:00:00 AM,427.0,45.0,6.0,375.0,28843.57
2018-2019,1068,AUSTIN ISD,TRAVIS,Educational Institution,Public,BURNET MIDDLE,05/01/2019 12:00:00 AM,1048.0,829.0,42.0,176.0,489216.76
2018-2019,1068,AUSTIN ISD,TRAVIS,Educational Institution,Public,CAMPBELL ELEMENTARY AUSTIN,05/01/2019 12:00:00 AM,193.0,193.0,0.0,0.0,142124.1
2018-2019,1068,AUSTIN ISD,TRAVIS,Educational Institution,Public,CASEY ELEMENTARY,05/01/2019 12:00:00 AM,609.0,369.0,56.0,184.0,293309.25999999995
2018-2019,1068,AUSTIN ISD,TRAVIS,Educational Institution,Public,CASIS ELEMENTARY,05/01/2019 12:00:00 AM,754.0,64.0,0.0,690.0,28600.42
2018-2019,1068,AUSTIN ISD,TRAVIS,Educational Institution,Public,CLAYTON ELEMENTARY,05/01/2019 12:00:00 AM,830.0,27.0,2.0,801.0,26540.24
2018-2019,1068,AUSTIN ISD,TRAVIS,Educational Institution,Public,COOK ELEMENTARY AUSTIN,05/01/2019 12:00:00 AM,510.0,510.0,0.0,0.0,358225.19
2018-2019,1068,AUSTIN ISD,TRAVIS,Educational Institution,Public,COVINGTON MIDDLE,05/01/2019 12:00:00 AM,711.0,366.0,63.0,282.0,174853.69999999998
2018-2019,1068,AUSTIN ISD,TRAVIS,Educational Institution,Public,COWAN ELEMENTARY,05/01/2019 12:00:00 AM,822.0,269.0,36.0,517.0,147547.83
2018-2019,1068,AUSTIN ISD,TRAVIS,Educational Institution,Public,CROCKETT H S,05/01/2019 12:00:00 AM,1459.0,841.0,138.0,479.0,304238.41000000003
2018-2019,1068,AUSTIN ISD,TRAVIS,Educational Institution,Public,CUNNINGHAM ELEMENTARY,05/01/2019 12:00:00 AM,451.0,240.0,39.0,172.0,180475.97000000003
2018-2019,1068,AUSTIN ISD,TRAVIS,Educational Institution,Public,DAVIS ELEMENTARY AUSTIN,05/01/2019 12:00:00 AM,741.0,203.0,18.0,520.0,96078.13
2018-2019,1068,AUSTIN ISD,TRAVIS,Educational Institution,Public,DAWSON ELEMENTARY,05/01/2019 12:00:00 AM,422.0,273.0,14.0,135.0,218582.86
2018-2019,1068,AUSTIN ISD,TRAVIS,Educational Institution,Public,DOBIE MIDDLE,05/01/2019 12:00:00 AM,597.0,524.0,26.0,47.0,282304.3
2018-2019,1068,AUSTIN ISD,TRAVIS,Educational Institution,Public,DOBIE PK CENTER,05/01/2019 12:00:00 AM,219.0,219.0,0.0,0.0,181706.04
2018-2019,1068,AUSTIN ISD,TRAVIS,Educational Institution,Public,DOSS ELEMENTARY,05/01/2019 12:00:00 AM,830.0,149.0,25.0,656.0,104681.81
2018-2019,1068,AUSTIN ISD,TRAVIS,Educational Institution,Public,EASTSIDE MEMORIAL AT THE JOHNSTON CAMPUS,05/01/2019 12:00:00 AM,470.0,331.0,25.0,113.0,142552.38
2018-2019,1068,AUSTIN ISD,TRAVIS,Educational Institution,Public,GALINDO ELEMENTARY,05/01/2019 12:00:00 AM,641.0,641.0,0.0,0.0,381974.78
2018-2019,1068,AUSTIN ISD,TRAVIS,Educational Institution,Public,GARCIA YMLA,05/01/2019 12:00:00 AM,431.0,369.0,28.0,34.0,270251.34
2018-2019,1068,AUSTIN ISD,TRAVIS,Educational Institution,Public,GARZA INDEPENDENCE H S,06/01/2019 12:00:00 AM,173.0,56.0,8.0,110.0,16478.61
2018-2019,1068,AUSTIN ISD,TRAVIS,Educational Institution,Public,GORZYCKI MIDDLE SCHOOL,05/01/2019 12:00:00 AM,1284.0,66.0,9.0,1208.0,37873.460000000014
2018-2019,1068,AUSTIN ISD,TRAVIS,Educational Institution,Public,GOVALLE ELEMENTARY,05/01/2019 12:00:00 AM,377.0,377.0,0.0,0.0,274760.62
2018-2019,1068,AUSTIN ISD,TRAVIS,Educational Institution,Public,GRADUATION PREP ACADEMY NAVARRO,05/01/2019 12:00:00 AM,97.0,62.0,2.0,32.0,6829.960000000001
2018-2019,1068,AUSTIN ISD,TRAVIS,Educational Institution,Public,GRADUATION PREP ACADEMY TRAVIS,05/01/2019 12:00:00 AM,85.0,60.0,2.0,24.0,12844.98
2018-2019,1068,AUSTIN ISD,TRAVIS,Educational Institution,Public,GRAHAM ELEMENTARY,05/01/2019 12:00:00 AM,514.0,390.0,29.0,95.0,247577.89000000004
2018-2019,1068,AUSTIN ISD,TRAVIS,Educational Institution,Public,GUERRERO THOMPSON,05/01/2019 12:00:00 AM,635.0,635.0,0.0,0.0,515166.6
2018-2019,1068,AUSTIN ISD,TRAVIS,Educational Institution,Public,GULLETT ELEMENTARY,05/01/2019 12:00:00 AM,604.0,92.0,8.0,505.0,44358.28
2018-2019,1068,AUSTIN ISD,TRAVIS,Educational Institution,Public,HARRIS ELEMENTARY AUSTIN,05/01/2019 12:00:00 AM,532.0,532.0,0.0,0.0,439045.51
2018-2019,1068,AUSTIN ISD,TRAVIS,Educational Institution,Public,HART ELEMENTARY AUSTIN,05/01/2019 12:00:00 AM,673.0,673.0,0.0,0.0,558275.43
2018-2019,1068,AUSTIN ISD,TRAVIS,Educational Institution,Public,HIGHLAND PARK ELEMENTARY AUSTIN,05/01/2019 12:00:00 AM,649.0,115.0,29.0,506.0,158253.66000000006
2018-2019,1068,AUSTIN ISD,TRAVIS,Educational Institution,Public,HILL ELEMENTARY AUSTIN,05/01/2019 12:00:00 AM,1002.0,145.0,6.0,851.0,101035.2
2018-2019,1068,AUSTIN ISD,TRAVIS,Educational Institution,Public,HOUSTON ELEMENTARY AUSTIN,05/01/2019 12:00:00 AM,582.0,582.0,0.0,0.0,416593.9
2018-2019,1068,AUSTIN ISD,TRAVIS,Educational Institution,Public,INTERNATIONAL HIGH SCHOOL,05/01/2019 12:00:00 AM,227.0,191.0,17.0,19.0,132086.41
2018-2019,1068,AUSTIN ISD,TRAVIS,Educational Institution,Public,JORDAN ELEMENTARY AUSTIN,05/01/2019 12:00:00 AM,636.0,636.0,0.0,0.0,395321.96
2018-2019,1068,AUSTIN ISD,TRAVIS,Educational Institution,Public,JOSLIN ELEMENTARY,05/01/2019 12:00:00 AM,290.0,186.0,7.0,97.0,121058.12
2018-2019,1068,AUSTIN ISD,TRAVIS,Educational Institution,Public,KEALING M S,05/01/2019 12:00:00 AM,1278.0,376.0,42.0,860.0,203089.32
2018-2019,1068,AUSTIN ISD,TRAVIS,Educational Institution,Public,KIKER ELEMENTARY,05/01/2019 12:00:00 AM,1123.0,71.0,4.0,1048.0,40007.75
2018-2019,1068,AUSTIN ISD,TRAVIS,Educational Institution,Public,KOCUREK ELEMENTARY,05/01/2019 12:00:00 AM,568.0,356.0,42.0,170.0,267669.09
2018-2019,1068,AUSTIN ISD,TRAVIS,Educational Institution,Public,LAMAR MIDDLE,06/01/2019 12:00:00 AM,1198.0,227.0,39.0,932.0,112132.29
2018-2019,1068,AUSTIN ISD,TRAVIS,Educational Institution,Public,LANGFORD ELEMENTARY,05/01/2019 12:00:00 AM,551.0,551.0,0.0,0.0,449998.52
2018-2019,1068,AUSTIN ISD,TRAVIS,Educational Institution,Public,LASA HIGH SCHOOL,05/01/2019 12:00:00 AM,1254.0,107.0,18.0,1129.0,40458.57
2018-2019,1068,AUSTIN ISD,TRAVIS,Educational Institution,Public,LBJ HIGH SCHOOL,05/01/2019 12:00:00 AM,840.0,611.0,62.0,166.0,195170.83
2018-2019,1068,AUSTIN ISD,TRAVIS,Educational Institution,Public,LEE ELEMENTARY AUSTIN,05/01/2019 12:00:00 AM,435.0,74.0,6.0,355.0,48951.45
2018-2019,1068,AUSTIN ISD,TRAVIS,Educational Institution,Public,LINDER ELEMENTARY,05/01/2019 12:00:00 AM,301.0,301.0,0.0,0.0,232580.89
2018-2019,1068,AUSTIN ISD,TRAVIS,Educational Institution,Public,LIVELY MIDDLE,05/01/2019 12:00:00 AM,1072.0,594.0,58.0,420.0,330057.21
2018-2019,1068,AUSTIN ISD,TRAVIS,Educational Institution,Public,MAPLEWOOD ELEMENTARY AUSTIN,05/01/2019 12:00:00 AM,485.0,163.0,17.0,305.0,108345.07
2018-2019,1068,AUSTIN ISD,TRAVIS,Educational Institution,Public,MARTIN MIDDLE SCHOOL AUSTIN,05/01/2019 12:00:00 AM,592.0,592.0,0.0,0.0,305398.94
2018-2019,1068,AUSTIN ISD,TRAVIS,Educational Institution,Public,MATHEWS ELEMENTARY AUSTIN,05/01/2019 12:00:00 AM,428.0,133.0,18.0,276.0,81792.49
2018-2019,1068,AUSTIN ISD,TRAVIS,Educational Institution,Public,MCBEE ELEMENTARY SCHOOL AUSTIN,05/01/2019 12:00:00 AM,483.0,483.0,0.0,0.0,305503.66
2018-2019,1068,AUSTIN ISD,TRAVIS,Educational Institution,Public,MCCALLUM H S,05/01/2019 12:00:00 AM,1769.0,342.0,45.0,1382.0,95125.67
2018-2019,1068,AUSTIN ISD,TRAVIS,Educational Institution,Public,MENCHACA ELEMENTARY AUSTIN,05/01/2019 12:00:00 AM,740.0,340.0,40.0,359.0,203502.48
2018-2019,1068,AUSTIN ISD,TRAVIS,Educational Institution,Public,MENDEZ MIDDLE,05/01/2019 12:00:00 AM,630.0,630.0,0.0,0.0,369161.91
2018-2019,1068,AUSTIN ISD,TRAVIS,Educational Institution,Public,METZ ELEMENTARY,05/01/2019 12:00:00 AM,260.0,260.0,0.0,0.0,197717.17
2018-2019,1068,AUSTIN ISD,TRAVIS,Educational Institution,Public,MILLS ELEMENTARY SCHOOL AUSTIN,05/01/2019 12:00:00 AM,855.0,119.0,7.0,730.0,55601.86
2018-2019,1068,AUSTIN ISD,TRAVIS,Educational Institution,Public,MURCHISON MIDDLE,05/01/2019 12:00:00 AM,1411.0,274.0,48.0,1089.0,108068.62
2018-2019,1068,AUSTIN ISD,TRAVIS,Educational Institution,Public,NAVARRO EARLY COLLEGE H S,05/01/2019 12:00:00 AM,1693.0,1258.0,78.0,357.0,467078.89
2018-2019,1068,AUSTIN ISD,TRAVIS,Educational Institution,Public,NORMAN-SIMS ELEMENTARYEMENTARY,05/01/2019 12:00:00 AM,157.0,157.0,0.0,0.0,69786.87
2018-2019,1068,AUSTIN ISD,TRAVIS,Educational Institution,Public,NORTHEAST EARLY COLLEGE H S,05/01/2019 12:00:00 AM,1153.0,903.0,91.0,159.0,327133.76
2018-2019,1068,AUSTIN ISD,TRAVIS,Educational Institution,Public,O HENRY MIDDLE,05/01/2019 12:00:00 AM,830.0,214.0,25.0,591.0,98057.84
2018-2019,1068,AUSTIN ISD,TRAVIS,Educational Institution,Public,OAK HILL ELEMENTARY AUSTINEMENTARY AUSTIN,05/01/2019 12:00:00 AM,890.0,365.0,40.0,485.0,251980.18
2018-2019,1068,AUSTIN ISD,TRAVIS,Educational Institution,Public,OAK SPRINGS ELEMENTARY,05/01/2019 12:00:00 AM,253.0,253.0,0.0,0.0,203433.86
2018-2019,1068,AUSTIN ISD,TRAVIS,Educational Institution,Public,ODOM ELEMENTARY,05/01/2019 12:00:00 AM,416.0,328.0,46.0,42.0,225301.8
2018-2019,1068,AUSTIN ISD,TRAVIS,Educational Institution,Public,ORTEGA ELEMENTARY,05/01/2019 12:00:00 AM,256.0,256.0,0.0,0.0,161133.32999999993
2018-2019,1068,AUSTIN ISD,TRAVIS,Educational Institution,Public,OVERTON ELEMENTARY,05/01/2019 12:00:00 AM,554.0,554.0,0.0,0.0,334527.07
2018-2019,1068,AUSTIN ISD,TRAVIS,Educational Institution,Public,PADRON ELEMENTARY,05/01/2019 12:00:00 AM,731.0,731.0,0.0,0.0,544401.35
2018-2019,1068,AUSTIN ISD,TRAVIS,Educational Institution,Public,PALM ELEMENTARY,05/01/2019 12:00:00 AM,526.0,364.0,45.0,116.0,311710.89
2018-2019,1068,AUSTIN ISD,TRAVIS,Educational Institution,Public,PAREDES MIDDLE SCHOOL,05/01/2019 12:00:00 AM,904.0,610.0,98.0,196.0,430882.9900000001
2018-2019,1068,AUSTIN ISD,TRAVIS,Educational Institution,Public,PATTON ELEMENTARY,05/01/2019 12:00:00 AM,1010.0,317.0,20.0,672.0,146308.69
2018-2019,1068,AUSTIN ISD,TRAVIS,Educational Institution,Public,PEASE ELEMENTARY,05/01/2019 12:00:00 AM,231.0,28.0,10.0,193.0,21317.91
2018-2019,1068,AUSTIN ISD,TRAVIS,Educational Institution,Public,PECAN SPRINGS ELEMENTARY,05/01/2019 12:00:00 AM,400.0,400.0,0.0,0.0,354076.33
2018-2019,1068,AUSTIN ISD,TRAVIS,Educational Institution,Public,PEREZ ELEMENTARY,05/01/2019 12:00:00 AM,659.0,659.0,0.0,0.0,460178.43000000005
2018-2019,1068,AUSTIN ISD,TRAVIS,Educational Institution,Public,PICKLE ELEMENTARY,05/01/2019 12:00:00 AM,478.0,478.0,0.0,0.0,376265.64
2018-2019,1068,AUSTIN ISD,TRAVIS,Educational Institution,Public,PILLOW ELEMENTARY,05/01/2019 12:00:00 AM,531.0,396.0,28.0,106.0,338650.11
2018-2019,1068,AUSTIN ISD,TRAVIS,Educational Institution,Public,PLEASANT HILL ELEMENTARY AUSTINEMENTARY AUSTIN,05/01/2019 12:00:00 AM,472.0,472.0,0.0,0.0,365119.8
2018-2019,1068,AUSTIN ISD,TRAVIS,Educational Institution,Public,REILLY ELEMENTARY AUSTIN,05/01/2019 12:00:00 AM,223.0,140.0,9.0,73.0,91465.65
2018-2019,1068,AUSTIN ISD,TRAVIS,Educational Institution,Public,RIDGETOP ELEMENTARY,05/01/2019 12:00:00 AM,372.0,105.0,15.0,252.0,71726.02
2018-2019,1068,AUSTIN ISD,TRAVIS,Educational Institution,Public,RODRIGUEZ ELEMENTARY,05/01/2019 12:00:00 AM,460.0,460.0,0.0,0.0,370223.62
2018-2019,1068,AUSTIN ISD,TRAVIS,Educational Institution,Public,ROSEDALE SCHOOL,05/01/2019 12:00:00 AM,259.0,99.0,11.0,149.0,27615.22
2018-2019,1068,AUSTIN ISD,TRAVIS,Educational Institution,Public,SADLER MEANS YWLA,05/01/2019 12:00:00 AM,424.0,424.0,0.0,0.0,215200.06
2018-2019,1068,AUSTIN ISD,TRAVIS,Educational Institution,Public,SANCHEZ ELEMENTARY,05/01/2019 12:00:00 AM,286.0,286.0,0.0,0.0,200049.45
2018-2019,1068,AUSTIN ISD,TRAVIS,Educational Institution,Public,SIMS ELEMENTARY,05/01/2019 12:00:00 AM,231.0,231.0,0.0,0.0,170933.76000000007
2018-2019,1068,AUSTIN ISD,TRAVIS,Educational Institution,Public,SMALL MS,06/01/2019 12:00:00 AM,1282.0,314.0,44.0,924.0,140408.29
2018-2019,1068,AUSTIN ISD,TRAVIS,Educational Institution,Public,ST ELMO ELEMENTARY,05/01/2019 12:00:00 AM,306.0,240.0,27.0,40.0,212283.12
2018-2019,1068,AUSTIN ISD,TRAVIS,Educational Institution,Public,SUMMITT ELEMENTARY,05/01/2019 12:00:00 AM,836.0,260.0,44.0,532.0,159005.44
2018-2019,1068,AUSTIN ISD,TRAVIS,Educational Institution,Public,SUNSET VALLEY ELEMENTARY AUSTIN,05/01/2019 12:00:00 AM,573.0,296.0,20.0,257.0,220908.72
2018-2019,1068,AUSTIN ISD,TRAVIS,Educational Institution,Public,T A BROWN ELEMENTARY,05/01/2019 12:00:00 AM,249.0,249.0,0.0,0.0,68003.43
2018-2019,1068,AUSTIN ISD,TRAVIS,Educational Institution,Public,TRAVIS EARLY COLLEGE HIGH SCHOOL AUSTIN,05/01/2019 12:00:00 AM,1428.0,938.0,82.0,408.0,546215.81
2018-2019,1068,AUSTIN ISD,TRAVIS,Educational Institution,Public,TRAVIS HTS CHARTER,05/01/2019 12:00:00 AM,562.0,326.0,15.0,221.0,249206.01
2018-2019,1068,AUSTIN ISD,TRAVIS,Educational Institution,Public,UPHAUS EARLY CHILDHOOD CENTER,05/01/2019 12:00:00 AM,379.0,379.0,0.0,0.0,286554.0
2018-2019,1068,AUSTIN ISD,TRAVIS,Educational Institution,Public,WALNUT CREEK ELEMENTARY AUSTIN,05/01/2019 12:00:00 AM,715.0,715.0,0.0,0.0,527590.7699999999
2018-2019,1068,AUSTIN ISD,TRAVIS,Educational Institution,Public,WEBB MIDDLE SCHOOL AUSTIN,05/01/2019 12:00:00 AM,702.0,702.0,0.0,0.0,342089.84000000014
2018-2019,1068,AUSTIN ISD,TRAVIS,Educational Institution,Public,WEBB PRIMARY CENTER,05/01/2019 12:00:00 AM,215.0,215.0,0.0,0.0,172521.64
2018-2019,1068,AUSTIN ISD,TRAVIS,Educational Institution,Public,WIDEN ELEMENTARY,05/01/2019 12:00:00 AM,456.0,456.0,0.0,0.0,336077.49
2018-2019,1068,AUSTIN ISD,TRAVIS,Educational Institution,Public,WILLIAMS ELEMENTARY AUSTIN,05/01/2019 12:00:00 AM,478.0,338.0,43.0,97.0,231218.57
2018-2019,1068,AUSTIN ISD,TRAVIS,Educational Institution,Public,WINN ELEMENTARY,05/01/2019 12:00:00 AM,265.0,265.0,0.0,0.0,195639.45
2018-2019,1068,AUSTIN ISD,TRAVIS,Educational Institution,Public,WOOLDRIDGE ELEMENTARY,05/01/2019 12:00:00 AM,551.0,551.0,0.0,0.0,433459.33
2018-2019,1068,AUSTIN ISD,TRAVIS,Educational Institution,Public,WOOTEN ELEMENTARY,05/01/2019 12:00:00 AM,457.0,457.0,0.0,0.0,301125.05
2018-2019,1068,AUSTIN ISD,TRAVIS,Educational Institution,Public,ZAVALA ELEMENTARY AUSTIN,05/01/2019 12:00:00 AM,298.0,298.0,0.0,0.0,218283.16
2018-2019,1068,AUSTIN ISD,TRAVIS,Educational Institution,Public,ZILKER ELEMENTARY AUSTIN,05/01/2019 12:00:00 AM,523.0,95.0,20.0,408.0,60858.15
